"","Game_id","Event_Num","Event_Msg_Type","Period","WC_Time","PC_Time","Action_Type","Option1","Team_id","Person1","Person2","Team_id_type"
"19726","ded7de5f5252e901151b00938ce580c1",0,12,1,654724,7200,0,0,"1473d70e5646a26de3c52aa1abd85b1f","6bcf6c1f8c373d25fca1579bc4464a91","6bcf6c1f8c373d25fca1579bc4464a91",0
"19727","ded7de5f5252e901151b00938ce580c1",1,10,1,654725,7200,0,0,"78cb4fd2222d4d6c7ce0a53cf99b4b14","3ac301867a2503f6aba31824dd7364db","867712e1cdfd8b15d083f3be2af4bc0f",3
"19728","ded7de5f5252e901151b00938ce580c1",3,2,1,655029,7000,1,3,"78cb4fd2222d4d6c7ce0a53cf99b4b14","336ec76a9accfb5359ea7e69f2610947","6bcf6c1f8c373d25fca1579bc4464a91",3
"19729","ded7de5f5252e901151b00938ce580c1",4,4,1,655046,6990,0,0,"78cb4fd2222d4d6c7ce0a53cf99b4b14","34c349ba8477c94eb0a7545b439c9bd3","6bcf6c1f8c373d25fca1579bc4464a91",3
"19730","ded7de5f5252e901151b00938ce580c1",5,2,1,655193,6830,63,3,"91ea9fc14670a54b9902eb062b416ccf","34c349ba8477c94eb0a7545b439c9bd3","6bcf6c1f8c373d25fca1579bc4464a91",2
"19731","ded7de5f5252e901151b00938ce580c1",6,4,1,655207,6820,0,0,"91ea9fc14670a54b9902eb062b416ccf","bc77b0f38cb51b2cfe8552000e585cbf","6bcf6c1f8c373d25fca1579bc4464a91",2
"19732","ded7de5f5252e901151b00938ce580c1",7,1,1,655270,6760,41,2,"78cb4fd2222d4d6c7ce0a53cf99b4b14","4596ed9dd04a94f6ad5e60ebda302350","bc77b0f38cb51b2cfe8552000e585cbf",3
"19733","ded7de5f5252e901151b00938ce580c1",8,2,1,655438,6590,73,2,"91ea9fc14670a54b9902eb062b416ccf","fe1871734c4c4601acf113acb94da1b7","6bcf6c1f8c373d25fca1579bc4464a91",2
"19734","ded7de5f5252e901151b00938ce580c1",9,4,1,655449,6580,0,0,"91ea9fc14670a54b9902eb062b416ccf","4596ed9dd04a94f6ad5e60ebda302350","6bcf6c1f8c373d25fca1579bc4464a91",2
"19735","ded7de5f5252e901151b00938ce580c1",10,1,1,655524,6500,79,2,"78cb4fd2222d4d6c7ce0a53cf99b4b14","bc77b0f38cb51b2cfe8552000e585cbf","6bcf6c1f8c373d25fca1579bc4464a91",3
"19736","ded7de5f5252e901151b00938ce580c1",11,2,1,655685,6340,1,2,"91ea9fc14670a54b9902eb062b416ccf","9a07071107374d4c6a0292b80396c99c","6bcf6c1f8c373d25fca1579bc4464a91",2
"19737","ded7de5f5252e901151b00938ce580c1",13,4,1,655695,6330,0,0,"91ea9fc14670a54b9902eb062b416ccf","36b6d1374b888ef311eb59e4b7368f78","6bcf6c1f8c373d25fca1579bc4464a91",2
"19738","ded7de5f5252e901151b00938ce580c1",12,2,1,655697,6330,97,2,"91ea9fc14670a54b9902eb062b416ccf","36b6d1374b888ef311eb59e4b7368f78","6bcf6c1f8c373d25fca1579bc4464a91",2
"19739","ded7de5f5252e901151b00938ce580c1",14,4,1,655710,6320,0,0,"91ea9fc14670a54b9902eb062b416ccf","867712e1cdfd8b15d083f3be2af4bc0f","6bcf6c1f8c373d25fca1579bc4464a91",2
"19740","ded7de5f5252e901151b00938ce580c1",15,2,1,655778,6250,63,2,"78cb4fd2222d4d6c7ce0a53cf99b4b14","bc77b0f38cb51b2cfe8552000e585cbf","6bcf6c1f8c373d25fca1579bc4464a91",3
"19741","ded7de5f5252e901151b00938ce580c1",16,4,1,655788,6240,0,0,"78cb4fd2222d4d6c7ce0a53cf99b4b14","36b6d1374b888ef311eb59e4b7368f78","6bcf6c1f8c373d25fca1579bc4464a91",3
"19742","ded7de5f5252e901151b00938ce580c1",17,2,1,655873,6150,1,2,"91ea9fc14670a54b9902eb062b416ccf","36b6d1374b888ef311eb59e4b7368f78","6bcf6c1f8c373d25fca1579bc4464a91",2
"19743","ded7de5f5252e901151b00938ce580c1",18,4,1,655896,6130,0,0,"91ea9fc14670a54b9902eb062b416ccf","bc77b0f38cb51b2cfe8552000e585cbf","6bcf6c1f8c373d25fca1579bc4464a91",2
"19744","ded7de5f5252e901151b00938ce580c1",19,5,1,655956,6080,1,1,"78cb4fd2222d4d6c7ce0a53cf99b4b14","5f2d1b7a31eb9117654c9d056093bfa5","34c349ba8477c94eb0a7545b439c9bd3",3
"19745","ded7de5f5252e901151b00938ce580c1",20,2,1,656008,6020,1,3,"91ea9fc14670a54b9902eb062b416ccf","9a07071107374d4c6a0292b80396c99c","6bcf6c1f8c373d25fca1579bc4464a91",2
"19746","ded7de5f5252e901151b00938ce580c1",21,4,1,656033,6000,0,0,"91ea9fc14670a54b9902eb062b416ccf","336ec76a9accfb5359ea7e69f2610947","6bcf6c1f8c373d25fca1579bc4464a91",2
"19747","ded7de5f5252e901151b00938ce580c1",22,2,1,656170,5880,1,2,"78cb4fd2222d4d6c7ce0a53cf99b4b14","867712e1cdfd8b15d083f3be2af4bc0f","6bcf6c1f8c373d25fca1579bc4464a91",3
"19748","ded7de5f5252e901151b00938ce580c1",23,4,1,656186,5880,0,0,"78cb4fd2222d4d6c7ce0a53cf99b4b14","4479a5c97c18e202d89620f6e0bd4474","6bcf6c1f8c373d25fca1579bc4464a91",3
"19749","ded7de5f5252e901151b00938ce580c1",25,2,1,657130,5690,79,2,"91ea9fc14670a54b9902eb062b416ccf","34c349ba8477c94eb0a7545b439c9bd3","6bcf6c1f8c373d25fca1579bc4464a91",2
"19750","ded7de5f5252e901151b00938ce580c1",26,4,1,657166,5670,0,0,"91ea9fc14670a54b9902eb062b416ccf","4479a5c97c18e202d89620f6e0bd4474","6bcf6c1f8c373d25fca1579bc4464a91",2
"19751","ded7de5f5252e901151b00938ce580c1",27,2,1,657395,5600,3,2,"91ea9fc14670a54b9902eb062b416ccf","36b6d1374b888ef311eb59e4b7368f78","6bcf6c1f8c373d25fca1579bc4464a91",2
"19752","ded7de5f5252e901151b00938ce580c1",28,4,1,657417,5590,0,0,"91ea9fc14670a54b9902eb062b416ccf","4596ed9dd04a94f6ad5e60ebda302350","6bcf6c1f8c373d25fca1579bc4464a91",2
"19753","ded7de5f5252e901151b00938ce580c1",29,2,1,657502,5500,1,2,"78cb4fd2222d4d6c7ce0a53cf99b4b14","4596ed9dd04a94f6ad5e60ebda302350","6bcf6c1f8c373d25fca1579bc4464a91",3
"19754","ded7de5f5252e901151b00938ce580c1",30,4,1,657537,5480,0,0,"78cb4fd2222d4d6c7ce0a53cf99b4b14","36b6d1374b888ef311eb59e4b7368f78","6bcf6c1f8c373d25fca1579bc4464a91",3
"19755","ded7de5f5252e901151b00938ce580c1",31,1,1,657603,5390,1,3,"91ea9fc14670a54b9902eb062b416ccf","fe1871734c4c4601acf113acb94da1b7","34c349ba8477c94eb0a7545b439c9bd3",2
"19756","ded7de5f5252e901151b00938ce580c1",32,2,1,657814,5180,1,3,"78cb4fd2222d4d6c7ce0a53cf99b4b14","bc77b0f38cb51b2cfe8552000e585cbf","6bcf6c1f8c373d25fca1579bc4464a91",3
"19757","ded7de5f5252e901151b00938ce580c1",33,4,1,657828,5180,0,0,"78cb4fd2222d4d6c7ce0a53cf99b4b14","fe1871734c4c4601acf113acb94da1b7","6bcf6c1f8c373d25fca1579bc4464a91",3
"19758","ded7de5f5252e901151b00938ce580c1",34,2,1,657924,5080,5,2,"91ea9fc14670a54b9902eb062b416ccf","9a07071107374d4c6a0292b80396c99c","6bcf6c1f8c373d25fca1579bc4464a91",2
"19759","ded7de5f5252e901151b00938ce580c1",35,4,1,657939,5080,0,0,"91ea9fc14670a54b9902eb062b416ccf","4479a5c97c18e202d89620f6e0bd4474","6bcf6c1f8c373d25fca1579bc4464a91",2
"19760","ded7de5f5252e901151b00938ce580c1",36,2,1,658139,5030,1,3,"91ea9fc14670a54b9902eb062b416ccf","34c349ba8477c94eb0a7545b439c9bd3","6bcf6c1f8c373d25fca1579bc4464a91",2
"19761","ded7de5f5252e901151b00938ce580c1",37,4,1,658151,5020,0,0,"91ea9fc14670a54b9902eb062b416ccf","3ac301867a2503f6aba31824dd7364db","6bcf6c1f8c373d25fca1579bc4464a91",2
"19762","ded7de5f5252e901151b00938ce580c1",38,1,1,658204,4960,1,3,"91ea9fc14670a54b9902eb062b416ccf","34c349ba8477c94eb0a7545b439c9bd3","fe1871734c4c4601acf113acb94da1b7",2
"19763","ded7de5f5252e901151b00938ce580c1",39,2,1,658384,4780,47,2,"78cb4fd2222d4d6c7ce0a53cf99b4b14","5f2d1b7a31eb9117654c9d056093bfa5","6bcf6c1f8c373d25fca1579bc4464a91",3
"19764","ded7de5f5252e901151b00938ce580c1",40,4,1,658394,4780,0,0,"78cb4fd2222d4d6c7ce0a53cf99b4b14","9a07071107374d4c6a0292b80396c99c","6bcf6c1f8c373d25fca1579bc4464a91",3
"19765","ded7de5f5252e901151b00938ce580c1",41,1,1,658463,4700,67,2,"91ea9fc14670a54b9902eb062b416ccf","36b6d1374b888ef311eb59e4b7368f78","9a07071107374d4c6a0292b80396c99c",2
"19766","ded7de5f5252e901151b00938ce580c1",42,1,1,658712,4450,1,2,"78cb4fd2222d4d6c7ce0a53cf99b4b14","867712e1cdfd8b15d083f3be2af4bc0f","5f2d1b7a31eb9117654c9d056093bfa5",3
"19767","ded7de5f5252e901151b00938ce580c1",43,1,1,658817,4350,1,3,"91ea9fc14670a54b9902eb062b416ccf","34c349ba8477c94eb0a7545b439c9bd3","fe1871734c4c4601acf113acb94da1b7",2
"19768","ded7de5f5252e901151b00938ce580c1",44,1,1,658989,4180,1,3,"78cb4fd2222d4d6c7ce0a53cf99b4b14","336ec76a9accfb5359ea7e69f2610947","bc77b0f38cb51b2cfe8552000e585cbf",3
"19769","ded7de5f5252e901151b00938ce580c1",45,2,1,659143,4020,102,2,"91ea9fc14670a54b9902eb062b416ccf","fe1871734c4c4601acf113acb94da1b7","6bcf6c1f8c373d25fca1579bc4464a91",2
"19770","ded7de5f5252e901151b00938ce580c1",46,4,1,659149,4020,0,0,"91ea9fc14670a54b9902eb062b416ccf","36b6d1374b888ef311eb59e4b7368f78","6bcf6c1f8c373d25fca1579bc4464a91",2
"19771","ded7de5f5252e901151b00938ce580c1",47,2,1,659169,4000,3,2,"91ea9fc14670a54b9902eb062b416ccf","36b6d1374b888ef311eb59e4b7368f78","6bcf6c1f8c373d25fca1579bc4464a91",2
"19772","ded7de5f5252e901151b00938ce580c1",48,4,1,659185,3990,0,0,"91ea9fc14670a54b9902eb062b416ccf","5f2d1b7a31eb9117654c9d056093bfa5","6bcf6c1f8c373d25fca1579bc4464a91",2
"19773","ded7de5f5252e901151b00938ce580c1",49,2,1,659246,3920,1,3,"78cb4fd2222d4d6c7ce0a53cf99b4b14","336ec76a9accfb5359ea7e69f2610947","6bcf6c1f8c373d25fca1579bc4464a91",3
"19774","ded7de5f5252e901151b00938ce580c1",50,4,1,659275,3900,0,0,"78cb4fd2222d4d6c7ce0a53cf99b4b14","3ac301867a2503f6aba31824dd7364db","6bcf6c1f8c373d25fca1579bc4464a91",3
"19775","ded7de5f5252e901151b00938ce580c1",51,2,1,659404,3760,1,2,"91ea9fc14670a54b9902eb062b416ccf","34c349ba8477c94eb0a7545b439c9bd3","6bcf6c1f8c373d25fca1579bc4464a91",2
"19776","ded7de5f5252e901151b00938ce580c1",52,4,1,659415,3760,0,0,"91ea9fc14670a54b9902eb062b416ccf","867712e1cdfd8b15d083f3be2af4bc0f","6bcf6c1f8c373d25fca1579bc4464a91",2
"19777","ded7de5f5252e901151b00938ce580c1",55,1,1,659746,3590,1,3,"78cb4fd2222d4d6c7ce0a53cf99b4b14","5f2d1b7a31eb9117654c9d056093bfa5","bc77b0f38cb51b2cfe8552000e585cbf",3
"19778","ded7de5f5252e901151b00938ce580c1",56,2,1,659911,3440,5,2,"91ea9fc14670a54b9902eb062b416ccf","fe1871734c4c4601acf113acb94da1b7","6bcf6c1f8c373d25fca1579bc4464a91",2
"19779","ded7de5f5252e901151b00938ce580c1",57,4,1,659961,3440,0,0,"91ea9fc14670a54b9902eb062b416ccf","4479a5c97c18e202d89620f6e0bd4474","6bcf6c1f8c373d25fca1579bc4464a91",2
"19780","ded7de5f5252e901151b00938ce580c1",58,9,1,660016,3440,1,0,"91ea9fc14670a54b9902eb062b416ccf","4479a5c97c18e202d89620f6e0bd4474","6bcf6c1f8c373d25fca1579bc4464a91",2
"19782","ded7de5f5252e901151b00938ce580c1",61,8,1,661126,3440,0,0,"91ea9fc14670a54b9902eb062b416ccf","4596ed9dd04a94f6ad5e60ebda302350","3a7ac3ab38d3261d8c162d52a7f4e644",2
"19781","ded7de5f5252e901151b00938ce580c1",62,8,1,661126,3440,0,0,"91ea9fc14670a54b9902eb062b416ccf","336ec76a9accfb5359ea7e69f2610947","050e16220dddff68fc37eca695cee3b4",2
"19783","ded7de5f5252e901151b00938ce580c1",63,8,1,661273,3440,0,0,"91ea9fc14670a54b9902eb062b416ccf","34c349ba8477c94eb0a7545b439c9bd3","46f88362b82eee93adfda97ce7caa4ab",2
"19784","ded7de5f5252e901151b00938ce580c1",64,1,1,661433,3380,79,2,"91ea9fc14670a54b9902eb062b416ccf","fe1871734c4c4601acf113acb94da1b7","9a07071107374d4c6a0292b80396c99c",2
"19785","ded7de5f5252e901151b00938ce580c1",65,2,1,661633,3180,79,3,"78cb4fd2222d4d6c7ce0a53cf99b4b14","bc77b0f38cb51b2cfe8552000e585cbf","6bcf6c1f8c373d25fca1579bc4464a91",3
"19786","ded7de5f5252e901151b00938ce580c1",66,4,1,661643,3180,0,0,"78cb4fd2222d4d6c7ce0a53cf99b4b14","3ac301867a2503f6aba31824dd7364db","6bcf6c1f8c373d25fca1579bc4464a91",3
"19787","ded7de5f5252e901151b00938ce580c1",67,2,1,661723,3090,43,2,"91ea9fc14670a54b9902eb062b416ccf","36b6d1374b888ef311eb59e4b7368f78","6bcf6c1f8c373d25fca1579bc4464a91",2
"19788","ded7de5f5252e901151b00938ce580c1",68,4,1,661730,3090,0,0,"91ea9fc14670a54b9902eb062b416ccf","36b6d1374b888ef311eb59e4b7368f78","6bcf6c1f8c373d25fca1579bc4464a91",2
"19789","ded7de5f5252e901151b00938ce580c1",69,2,1,661777,3040,72,2,"91ea9fc14670a54b9902eb062b416ccf","36b6d1374b888ef311eb59e4b7368f78","6bcf6c1f8c373d25fca1579bc4464a91",2
"19790","ded7de5f5252e901151b00938ce580c1",70,4,1,661790,3030,0,0,"91ea9fc14670a54b9902eb062b416ccf","867712e1cdfd8b15d083f3be2af4bc0f","6bcf6c1f8c373d25fca1579bc4464a91",2
"19791","ded7de5f5252e901151b00938ce580c1",71,1,1,661884,2930,1,2,"78cb4fd2222d4d6c7ce0a53cf99b4b14","5f2d1b7a31eb9117654c9d056093bfa5","6bcf6c1f8c373d25fca1579bc4464a91",3
"19792","ded7de5f5252e901151b00938ce580c1",72,2,1,662069,2750,101,2,"91ea9fc14670a54b9902eb062b416ccf","46f88362b82eee93adfda97ce7caa4ab","6bcf6c1f8c373d25fca1579bc4464a91",2
"19793","ded7de5f5252e901151b00938ce580c1",73,4,1,662092,2730,0,0,"91ea9fc14670a54b9902eb062b416ccf","3ac301867a2503f6aba31824dd7364db","6bcf6c1f8c373d25fca1579bc4464a91",2
"19794","ded7de5f5252e901151b00938ce580c1",74,6,1,662290,2580,29,0,"91ea9fc14670a54b9902eb062b416ccf","867712e1cdfd8b15d083f3be2af4bc0f","3ac301867a2503f6aba31824dd7364db",2
"19795","ded7de5f5252e901151b00938ce580c1",75,3,1,662361,2580,11,2,"91ea9fc14670a54b9902eb062b416ccf","3ac301867a2503f6aba31824dd7364db","6bcf6c1f8c373d25fca1579bc4464a91",2
"19796","ded7de5f5252e901151b00938ce580c1",76,4,1,662362,2580,1,0,"91ea9fc14670a54b9902eb062b416ccf","4479a5c97c18e202d89620f6e0bd4474","6bcf6c1f8c373d25fca1579bc4464a91",2
"19797","ded7de5f5252e901151b00938ce580c1",77,8,1,662540,2580,0,0,"91ea9fc14670a54b9902eb062b416ccf","867712e1cdfd8b15d083f3be2af4bc0f","963242c7a25ba9a70b245f482e960e75",2
"19798","ded7de5f5252e901151b00938ce580c1",78,8,1,662555,2580,0,0,"91ea9fc14670a54b9902eb062b416ccf","36b6d1374b888ef311eb59e4b7368f78","7ad27aab65cc1ce38a8720efe685e24f",2
"19799","ded7de5f5252e901151b00938ce580c1",79,8,1,662564,2580,0,0,"91ea9fc14670a54b9902eb062b416ccf","9a07071107374d4c6a0292b80396c99c","417afba21d2c399474c48fa0d4993de2",2
"19800","ded7de5f5252e901151b00938ce580c1",80,3,1,662596,2580,12,2,"91ea9fc14670a54b9902eb062b416ccf","3ac301867a2503f6aba31824dd7364db","6bcf6c1f8c373d25fca1579bc4464a91",2
"19801","ded7de5f5252e901151b00938ce580c1",82,4,1,662716,2570,0,0,"91ea9fc14670a54b9902eb062b416ccf","5f2d1b7a31eb9117654c9d056093bfa5","6bcf6c1f8c373d25fca1579bc4464a91",2
"19802","ded7de5f5252e901151b00938ce580c1",83,2,1,662874,2400,63,2,"78cb4fd2222d4d6c7ce0a53cf99b4b14","5f2d1b7a31eb9117654c9d056093bfa5","6bcf6c1f8c373d25fca1579bc4464a91",3
"19803","ded7de5f5252e901151b00938ce580c1",84,4,1,662893,2390,0,0,"78cb4fd2222d4d6c7ce0a53cf99b4b14","3ac301867a2503f6aba31824dd7364db","6bcf6c1f8c373d25fca1579bc4464a91",3
"19804","ded7de5f5252e901151b00938ce580c1",85,6,1,663039,2290,2,0,"91ea9fc14670a54b9902eb062b416ccf","050e16220dddff68fc37eca695cee3b4","46f88362b82eee93adfda97ce7caa4ab",2
"19805","ded7de5f5252e901151b00938ce580c1",86,3,1,663097,2290,11,1,"91ea9fc14670a54b9902eb062b416ccf","46f88362b82eee93adfda97ce7caa4ab","6bcf6c1f8c373d25fca1579bc4464a91",2
"19806","ded7de5f5252e901151b00938ce580c1",88,8,1,663248,2290,0,0,"91ea9fc14670a54b9902eb062b416ccf","3ac301867a2503f6aba31824dd7364db","8fdab3e3f9022d0fadca93e4cd59cddc",2
"19807","ded7de5f5252e901151b00938ce580c1",89,3,1,663291,2290,12,1,"91ea9fc14670a54b9902eb062b416ccf","46f88362b82eee93adfda97ce7caa4ab","6bcf6c1f8c373d25fca1579bc4464a91",2
"19808","ded7de5f5252e901151b00938ce580c1",91,2,1,663525,2160,86,2,"78cb4fd2222d4d6c7ce0a53cf99b4b14","963242c7a25ba9a70b245f482e960e75","6bcf6c1f8c373d25fca1579bc4464a91",3
"19809","ded7de5f5252e901151b00938ce580c1",92,4,1,663534,2160,0,0,"78cb4fd2222d4d6c7ce0a53cf99b4b14","fe1871734c4c4601acf113acb94da1b7","6bcf6c1f8c373d25fca1579bc4464a91",3
"19810","ded7de5f5252e901151b00938ce580c1",93,2,1,663700,1990,1,3,"91ea9fc14670a54b9902eb062b416ccf","fe1871734c4c4601acf113acb94da1b7","6bcf6c1f8c373d25fca1579bc4464a91",2
"19811","ded7de5f5252e901151b00938ce580c1",94,4,1,663715,1980,0,0,"91ea9fc14670a54b9902eb062b416ccf","5f2d1b7a31eb9117654c9d056093bfa5","6bcf6c1f8c373d25fca1579bc4464a91",2
"19812","ded7de5f5252e901151b00938ce580c1",95,2,1,663842,1850,1,3,"78cb4fd2222d4d6c7ce0a53cf99b4b14","3a7ac3ab38d3261d8c162d52a7f4e644","6bcf6c1f8c373d25fca1579bc4464a91",3
"19813","ded7de5f5252e901151b00938ce580c1",96,4,1,663874,1820,0,0,"78cb4fd2222d4d6c7ce0a53cf99b4b14","7ad27aab65cc1ce38a8720efe685e24f","6bcf6c1f8c373d25fca1579bc4464a91",3
"19814","ded7de5f5252e901151b00938ce580c1",97,1,1,663954,1740,101,2,"91ea9fc14670a54b9902eb062b416ccf","fe1871734c4c4601acf113acb94da1b7","6bcf6c1f8c373d25fca1579bc4464a91",2
"19815","ded7de5f5252e901151b00938ce580c1",98,1,1,664094,1590,42,2,"78cb4fd2222d4d6c7ce0a53cf99b4b14","bc77b0f38cb51b2cfe8552000e585cbf","6bcf6c1f8c373d25fca1579bc4464a91",3
"19816","ded7de5f5252e901151b00938ce580c1",100,2,1,664383,1390,79,3,"91ea9fc14670a54b9902eb062b416ccf","46f88362b82eee93adfda97ce7caa4ab","6bcf6c1f8c373d25fca1579bc4464a91",2
"19817","ded7de5f5252e901151b00938ce580c1",101,4,1,664394,1390,0,0,"91ea9fc14670a54b9902eb062b416ccf","3a7ac3ab38d3261d8c162d52a7f4e644","6bcf6c1f8c373d25fca1579bc4464a91",2
"19818","ded7de5f5252e901151b00938ce580c1",102,1,1,664563,1210,79,2,"78cb4fd2222d4d6c7ce0a53cf99b4b14","050e16220dddff68fc37eca695cee3b4","963242c7a25ba9a70b245f482e960e75",3
"19819","ded7de5f5252e901151b00938ce580c1",103,1,1,664722,1070,42,2,"91ea9fc14670a54b9902eb062b416ccf","fe1871734c4c4601acf113acb94da1b7","6bcf6c1f8c373d25fca1579bc4464a91",2
"19820","ded7de5f5252e901151b00938ce580c1",104,6,1,664723,1070,2,0,"91ea9fc14670a54b9902eb062b416ccf","963242c7a25ba9a70b245f482e960e75","fe1871734c4c4601acf113acb94da1b7",2
"19821","ded7de5f5252e901151b00938ce580c1",105,9,1,664853,1070,1,0,"91ea9fc14670a54b9902eb062b416ccf","59725ca805f412244b57392c572b463f","6bcf6c1f8c373d25fca1579bc4464a91",2
"19822","ded7de5f5252e901151b00938ce580c1",107,8,1,666005,1070,0,0,"91ea9fc14670a54b9902eb062b416ccf","bc77b0f38cb51b2cfe8552000e585cbf","36f020989d86eefe270ab346e6f80e4e",2
"19823","ded7de5f5252e901151b00938ce580c1",108,3,1,666296,1070,10,1,"91ea9fc14670a54b9902eb062b416ccf","fe1871734c4c4601acf113acb94da1b7","6bcf6c1f8c373d25fca1579bc4464a91",2
"19824","ded7de5f5252e901151b00938ce580c1",110,2,1,666528,920,101,2,"78cb4fd2222d4d6c7ce0a53cf99b4b14","36f020989d86eefe270ab346e6f80e4e","6bcf6c1f8c373d25fca1579bc4464a91",3
"19825","ded7de5f5252e901151b00938ce580c1",111,4,1,666537,910,0,0,"78cb4fd2222d4d6c7ce0a53cf99b4b14","7ad27aab65cc1ce38a8720efe685e24f","6bcf6c1f8c373d25fca1579bc4464a91",3
"19826","ded7de5f5252e901151b00938ce580c1",112,1,1,666635,810,75,2,"91ea9fc14670a54b9902eb062b416ccf","fe1871734c4c4601acf113acb94da1b7","6bcf6c1f8c373d25fca1579bc4464a91",2
"19827","ded7de5f5252e901151b00938ce580c1",113,2,1,666814,630,47,2,"78cb4fd2222d4d6c7ce0a53cf99b4b14","3a7ac3ab38d3261d8c162d52a7f4e644","6bcf6c1f8c373d25fca1579bc4464a91",3
"19828","ded7de5f5252e901151b00938ce580c1",114,4,1,666827,620,0,0,"78cb4fd2222d4d6c7ce0a53cf99b4b14","7ad27aab65cc1ce38a8720efe685e24f","6bcf6c1f8c373d25fca1579bc4464a91",3
"19829","ded7de5f5252e901151b00938ce580c1",115,1,1,666889,572,41,2,"91ea9fc14670a54b9902eb062b416ccf","7ad27aab65cc1ce38a8720efe685e24f","6bcf6c1f8c373d25fca1579bc4464a91",2
"19830","ded7de5f5252e901151b00938ce580c1",116,1,1,666995,496,47,3,"78cb4fd2222d4d6c7ce0a53cf99b4b14","5f2d1b7a31eb9117654c9d056093bfa5","36f020989d86eefe270ab346e6f80e4e",3
"19831","ded7de5f5252e901151b00938ce580c1",117,1,1,667231,311,93,2,"91ea9fc14670a54b9902eb062b416ccf","fe1871734c4c4601acf113acb94da1b7","6bcf6c1f8c373d25fca1579bc4464a91",2
"19832","ded7de5f5252e901151b00938ce580c1",119,6,1,667477,147,2,0,"78cb4fd2222d4d6c7ce0a53cf99b4b14","7ad27aab65cc1ce38a8720efe685e24f","36f020989d86eefe270ab346e6f80e4e",3
"19833","ded7de5f5252e901151b00938ce580c1",120,3,1,667581,147,11,1,"78cb4fd2222d4d6c7ce0a53cf99b4b14","36f020989d86eefe270ab346e6f80e4e","6bcf6c1f8c373d25fca1579bc4464a91",3
"19834","ded7de5f5252e901151b00938ce580c1",122,8,1,667791,147,0,0,"78cb4fd2222d4d6c7ce0a53cf99b4b14","7ad27aab65cc1ce38a8720efe685e24f","34c349ba8477c94eb0a7545b439c9bd3",3
"19835","ded7de5f5252e901151b00938ce580c1",123,3,1,667827,147,12,1,"78cb4fd2222d4d6c7ce0a53cf99b4b14","36f020989d86eefe270ab346e6f80e4e","6bcf6c1f8c373d25fca1579bc4464a91",3
"19836","ded7de5f5252e901151b00938ce580c1",125,2,1,668073,49,1,3,"91ea9fc14670a54b9902eb062b416ccf","8fdab3e3f9022d0fadca93e4cd59cddc","6bcf6c1f8c373d25fca1579bc4464a91",2
"19837","ded7de5f5252e901151b00938ce580c1",127,4,1,668092,39,0,0,"91ea9fc14670a54b9902eb062b416ccf","417afba21d2c399474c48fa0d4993de2","6bcf6c1f8c373d25fca1579bc4464a91",2
"19838","ded7de5f5252e901151b00938ce580c1",126,2,1,668094,39,97,2,"91ea9fc14670a54b9902eb062b416ccf","417afba21d2c399474c48fa0d4993de2","6bcf6c1f8c373d25fca1579bc4464a91",2
"19839","ded7de5f5252e901151b00938ce580c1",129,4,1,668118,13,0,0,"91ea9fc14670a54b9902eb062b416ccf","417afba21d2c399474c48fa0d4993de2","6bcf6c1f8c373d25fca1579bc4464a91",2
"19840","ded7de5f5252e901151b00938ce580c1",128,1,1,668120,13,72,2,"91ea9fc14670a54b9902eb062b416ccf","417afba21d2c399474c48fa0d4993de2","6bcf6c1f8c373d25fca1579bc4464a91",2
"19841","ded7de5f5252e901151b00938ce580c1",130,13,1,668219,0,0,0,"78cb4fd2222d4d6c7ce0a53cf99b4b14","6bcf6c1f8c373d25fca1579bc4464a91","6bcf6c1f8c373d25fca1579bc4464a91",3
"19842","ded7de5f5252e901151b00938ce580c1",132,12,2,669876,7200,0,0,"91ea9fc14670a54b9902eb062b416ccf","6bcf6c1f8c373d25fca1579bc4464a91","6bcf6c1f8c373d25fca1579bc4464a91",2
"19843","ded7de5f5252e901151b00938ce580c1",133,1,2,670020,7050,79,2,"91ea9fc14670a54b9902eb062b416ccf","46f88362b82eee93adfda97ce7caa4ab","8fdab3e3f9022d0fadca93e4cd59cddc",2
"19844","ded7de5f5252e901151b00938ce580c1",134,6,2,670021,7050,2,0,"91ea9fc14670a54b9902eb062b416ccf","050e16220dddff68fc37eca695cee3b4","46f88362b82eee93adfda97ce7caa4ab",2
"19845","ded7de5f5252e901151b00938ce580c1",135,3,2,670132,7050,10,1,"91ea9fc14670a54b9902eb062b416ccf","46f88362b82eee93adfda97ce7caa4ab","6bcf6c1f8c373d25fca1579bc4464a91",2
"19846","ded7de5f5252e901151b00938ce580c1",137,2,2,670388,6920,101,2,"78cb4fd2222d4d6c7ce0a53cf99b4b14","36f020989d86eefe270ab346e6f80e4e","6bcf6c1f8c373d25fca1579bc4464a91",3
"19847","ded7de5f5252e901151b00938ce580c1",138,4,2,670402,6910,0,0,"78cb4fd2222d4d6c7ce0a53cf99b4b14","34c349ba8477c94eb0a7545b439c9bd3","6bcf6c1f8c373d25fca1579bc4464a91",3
"19848","ded7de5f5252e901151b00938ce580c1",139,1,2,670568,6740,1,3,"91ea9fc14670a54b9902eb062b416ccf","8fdab3e3f9022d0fadca93e4cd59cddc","417afba21d2c399474c48fa0d4993de2",2
"19849","ded7de5f5252e901151b00938ce580c1",140,6,2,670806,6570,2,0,"78cb4fd2222d4d6c7ce0a53cf99b4b14","8fdab3e3f9022d0fadca93e4cd59cddc","4596ed9dd04a94f6ad5e60ebda302350",3
"19850","ded7de5f5252e901151b00938ce580c1",141,3,2,670875,6570,11,2,"78cb4fd2222d4d6c7ce0a53cf99b4b14","4596ed9dd04a94f6ad5e60ebda302350","6bcf6c1f8c373d25fca1579bc4464a91",3
"19851","ded7de5f5252e901151b00938ce580c1",142,4,2,670876,6570,1,0,"78cb4fd2222d4d6c7ce0a53cf99b4b14","59725ca805f412244b57392c572b463f","6bcf6c1f8c373d25fca1579bc4464a91",3
"19852","ded7de5f5252e901151b00938ce580c1",143,3,2,671004,6570,12,1,"78cb4fd2222d4d6c7ce0a53cf99b4b14","4596ed9dd04a94f6ad5e60ebda302350","6bcf6c1f8c373d25fca1579bc4464a91",3
"19853","ded7de5f5252e901151b00938ce580c1",145,1,2,671280,6430,1,3,"91ea9fc14670a54b9902eb062b416ccf","46f88362b82eee93adfda97ce7caa4ab","417afba21d2c399474c48fa0d4993de2",2
"19854","ded7de5f5252e901151b00938ce580c1",146,9,2,671371,6360,1,0,"78cb4fd2222d4d6c7ce0a53cf99b4b14","59725ca805f412244b57392c572b463f","6bcf6c1f8c373d25fca1579bc4464a91",3
"19855","ded7de5f5252e901151b00938ce580c1",148,2,2,672952,6290,47,2,"78cb4fd2222d4d6c7ce0a53cf99b4b14","050e16220dddff68fc37eca695cee3b4","6bcf6c1f8c373d25fca1579bc4464a91",3
"19856","ded7de5f5252e901151b00938ce580c1",149,4,2,672968,6270,0,0,"78cb4fd2222d4d6c7ce0a53cf99b4b14","46f88362b82eee93adfda97ce7caa4ab","6bcf6c1f8c373d25fca1579bc4464a91",3
"19857","ded7de5f5252e901151b00938ce580c1",150,2,2,673179,6060,80,2,"91ea9fc14670a54b9902eb062b416ccf","34c349ba8477c94eb0a7545b439c9bd3","6bcf6c1f8c373d25fca1579bc4464a91",2
"19858","ded7de5f5252e901151b00938ce580c1",151,4,2,673197,6050,0,0,"91ea9fc14670a54b9902eb062b416ccf","4596ed9dd04a94f6ad5e60ebda302350","6bcf6c1f8c373d25fca1579bc4464a91",2
"19859","ded7de5f5252e901151b00938ce580c1",161,2,2,673311,6020,41,2,"78cb4fd2222d4d6c7ce0a53cf99b4b14","4596ed9dd04a94f6ad5e60ebda302350","6bcf6c1f8c373d25fca1579bc4464a91",3
"19860","ded7de5f5252e901151b00938ce580c1",152,4,2,673312,6010,0,0,"78cb4fd2222d4d6c7ce0a53cf99b4b14","4479a5c97c18e202d89620f6e0bd4474","6bcf6c1f8c373d25fca1579bc4464a91",3
"19861","ded7de5f5252e901151b00938ce580c1",153,2,2,673482,5840,1,2,"91ea9fc14670a54b9902eb062b416ccf","8fdab3e3f9022d0fadca93e4cd59cddc","6bcf6c1f8c373d25fca1579bc4464a91",2
"19862","ded7de5f5252e901151b00938ce580c1",154,4,2,673491,5840,0,0,"91ea9fc14670a54b9902eb062b416ccf","4596ed9dd04a94f6ad5e60ebda302350","6bcf6c1f8c373d25fca1579bc4464a91",2
"19863","ded7de5f5252e901151b00938ce580c1",155,6,2,673626,5770,2,0,"78cb4fd2222d4d6c7ce0a53cf99b4b14","34c349ba8477c94eb0a7545b439c9bd3","36f020989d86eefe270ab346e6f80e4e",3
"19864","ded7de5f5252e901151b00938ce580c1",156,3,2,673862,5770,11,1,"78cb4fd2222d4d6c7ce0a53cf99b4b14","36f020989d86eefe270ab346e6f80e4e","6bcf6c1f8c373d25fca1579bc4464a91",3
"19865","ded7de5f5252e901151b00938ce580c1",158,3,2,673879,5770,12,1,"78cb4fd2222d4d6c7ce0a53cf99b4b14","36f020989d86eefe270ab346e6f80e4e","6bcf6c1f8c373d25fca1579bc4464a91",3
"19866","ded7de5f5252e901151b00938ce580c1",162,6,2,674181,5640,2,0,"91ea9fc14670a54b9902eb062b416ccf","4596ed9dd04a94f6ad5e60ebda302350","46f88362b82eee93adfda97ce7caa4ab",2
"19867","ded7de5f5252e901151b00938ce580c1",165,3,2,674606,5640,13,1,"91ea9fc14670a54b9902eb062b416ccf","46f88362b82eee93adfda97ce7caa4ab","6bcf6c1f8c373d25fca1579bc4464a91",2
"19868","ded7de5f5252e901151b00938ce580c1",167,3,2,674620,5640,14,1,"91ea9fc14670a54b9902eb062b416ccf","46f88362b82eee93adfda97ce7caa4ab","6bcf6c1f8c373d25fca1579bc4464a91",2
"19869","ded7de5f5252e901151b00938ce580c1",169,3,2,674729,5640,15,1,"91ea9fc14670a54b9902eb062b416ccf","46f88362b82eee93adfda97ce7caa4ab","6bcf6c1f8c373d25fca1579bc4464a91",2
"19870","ded7de5f5252e901151b00938ce580c1",171,1,2,674979,5530,7,2,"78cb4fd2222d4d6c7ce0a53cf99b4b14","963242c7a25ba9a70b245f482e960e75","050e16220dddff68fc37eca695cee3b4",3
"19871","ded7de5f5252e901151b00938ce580c1",172,2,2,675104,5410,75,2,"91ea9fc14670a54b9902eb062b416ccf","7ad27aab65cc1ce38a8720efe685e24f","6bcf6c1f8c373d25fca1579bc4464a91",2
"19872","ded7de5f5252e901151b00938ce580c1",173,4,2,675117,5400,0,0,"91ea9fc14670a54b9902eb062b416ccf","36f020989d86eefe270ab346e6f80e4e","6bcf6c1f8c373d25fca1579bc4464a91",2
"19873","ded7de5f5252e901151b00938ce580c1",174,2,2,675187,5330,1,3,"78cb4fd2222d4d6c7ce0a53cf99b4b14","963242c7a25ba9a70b245f482e960e75","6bcf6c1f8c373d25fca1579bc4464a91",3
"19874","ded7de5f5252e901151b00938ce580c1",175,4,2,675199,5320,0,0,"78cb4fd2222d4d6c7ce0a53cf99b4b14","46f88362b82eee93adfda97ce7caa4ab","6bcf6c1f8c373d25fca1579bc4464a91",3
"19875","ded7de5f5252e901151b00938ce580c1",176,1,2,675274,5250,42,2,"91ea9fc14670a54b9902eb062b416ccf","34c349ba8477c94eb0a7545b439c9bd3","6bcf6c1f8c373d25fca1579bc4464a91",2
"19876","ded7de5f5252e901151b00938ce580c1",177,2,2,675562,5030,42,2,"78cb4fd2222d4d6c7ce0a53cf99b4b14","4596ed9dd04a94f6ad5e60ebda302350","6bcf6c1f8c373d25fca1579bc4464a91",3
"19877","ded7de5f5252e901151b00938ce580c1",178,4,2,675594,5000,0,0,"78cb4fd2222d4d6c7ce0a53cf99b4b14","7ad27aab65cc1ce38a8720efe685e24f","6bcf6c1f8c373d25fca1579bc4464a91",3
"19878","ded7de5f5252e901151b00938ce580c1",179,2,2,675672,4920,1,2,"91ea9fc14670a54b9902eb062b416ccf","8fdab3e3f9022d0fadca93e4cd59cddc","6bcf6c1f8c373d25fca1579bc4464a91",2
"19879","ded7de5f5252e901151b00938ce580c1",180,4,2,675723,4880,0,0,"91ea9fc14670a54b9902eb062b416ccf","7ad27aab65cc1ce38a8720efe685e24f","6bcf6c1f8c373d25fca1579bc4464a91",2
"19880","ded7de5f5252e901151b00938ce580c1",181,8,2,675891,4880,0,0,"91ea9fc14670a54b9902eb062b416ccf","050e16220dddff68fc37eca695cee3b4","bc77b0f38cb51b2cfe8552000e585cbf",2
"19881","ded7de5f5252e901151b00938ce580c1",182,2,2,676102,4720,1,3,"91ea9fc14670a54b9902eb062b416ccf","46f88362b82eee93adfda97ce7caa4ab","6bcf6c1f8c373d25fca1579bc4464a91",2
"19882","ded7de5f5252e901151b00938ce580c1",183,4,2,676115,4710,0,0,"91ea9fc14670a54b9902eb062b416ccf","963242c7a25ba9a70b245f482e960e75","6bcf6c1f8c373d25fca1579bc4464a91",2
"19883","ded7de5f5252e901151b00938ce580c1",184,1,2,676260,4590,101,2,"78cb4fd2222d4d6c7ce0a53cf99b4b14","336ec76a9accfb5359ea7e69f2610947","bc77b0f38cb51b2cfe8552000e585cbf",3
"19884","ded7de5f5252e901151b00938ce580c1",185,6,2,676261,4590,2,0,"78cb4fd2222d4d6c7ce0a53cf99b4b14","8fdab3e3f9022d0fadca93e4cd59cddc","336ec76a9accfb5359ea7e69f2610947",3
"19885","ded7de5f5252e901151b00938ce580c1",186,3,2,676390,4590,10,1,"78cb4fd2222d4d6c7ce0a53cf99b4b14","336ec76a9accfb5359ea7e69f2610947","6bcf6c1f8c373d25fca1579bc4464a91",3
"19886","ded7de5f5252e901151b00938ce580c1",188,2,2,676649,4450,1,3,"91ea9fc14670a54b9902eb062b416ccf","7ad27aab65cc1ce38a8720efe685e24f","6bcf6c1f8c373d25fca1579bc4464a91",2
"19887","ded7de5f5252e901151b00938ce580c1",189,4,2,676660,4440,0,0,"91ea9fc14670a54b9902eb062b416ccf","963242c7a25ba9a70b245f482e960e75","6bcf6c1f8c373d25fca1579bc4464a91",2
"19888","ded7de5f5252e901151b00938ce580c1",191,2,2,676726,4370,79,3,"78cb4fd2222d4d6c7ce0a53cf99b4b14","bc77b0f38cb51b2cfe8552000e585cbf","6bcf6c1f8c373d25fca1579bc4464a91",3
"19889","ded7de5f5252e901151b00938ce580c1",192,4,2,676755,4370,0,0,"78cb4fd2222d4d6c7ce0a53cf99b4b14","4479a5c97c18e202d89620f6e0bd4474","6bcf6c1f8c373d25fca1579bc4464a91",3
"19890","ded7de5f5252e901151b00938ce580c1",194,1,2,677101,4180,79,2,"91ea9fc14670a54b9902eb062b416ccf","34c349ba8477c94eb0a7545b439c9bd3","6bcf6c1f8c373d25fca1579bc4464a91",2
"19891","ded7de5f5252e901151b00938ce580c1",195,2,2,677266,4010,57,2,"78cb4fd2222d4d6c7ce0a53cf99b4b14","963242c7a25ba9a70b245f482e960e75","6bcf6c1f8c373d25fca1579bc4464a91",3
"19892","ded7de5f5252e901151b00938ce580c1",196,4,2,677277,4000,0,0,"78cb4fd2222d4d6c7ce0a53cf99b4b14","963242c7a25ba9a70b245f482e960e75","6bcf6c1f8c373d25fca1579bc4464a91",3
"19893","ded7de5f5252e901151b00938ce580c1",197,2,2,677300,3980,72,2,"78cb4fd2222d4d6c7ce0a53cf99b4b14","963242c7a25ba9a70b245f482e960e75","6bcf6c1f8c373d25fca1579bc4464a91",3
"19894","ded7de5f5252e901151b00938ce580c1",198,4,2,677312,3970,0,0,"78cb4fd2222d4d6c7ce0a53cf99b4b14","7ad27aab65cc1ce38a8720efe685e24f","6bcf6c1f8c373d25fca1579bc4464a91",3
"19895","ded7de5f5252e901151b00938ce580c1",199,2,2,677384,3890,41,2,"91ea9fc14670a54b9902eb062b416ccf","7ad27aab65cc1ce38a8720efe685e24f","6bcf6c1f8c373d25fca1579bc4464a91",2
"19896","ded7de5f5252e901151b00938ce580c1",200,4,2,677393,3890,0,0,"91ea9fc14670a54b9902eb062b416ccf","963242c7a25ba9a70b245f482e960e75","6bcf6c1f8c373d25fca1579bc4464a91",2
"19897","ded7de5f5252e901151b00938ce580c1",201,1,2,677462,3830,5,2,"78cb4fd2222d4d6c7ce0a53cf99b4b14","963242c7a25ba9a70b245f482e960e75","36f020989d86eefe270ab346e6f80e4e",3
"19898","ded7de5f5252e901151b00938ce580c1",202,6,2,677557,3820,11,0,"91ea9fc14670a54b9902eb062b416ccf","7ad27aab65cc1ce38a8720efe685e24f","6bcf6c1f8c373d25fca1579bc4464a91",2
"19899","ded7de5f5252e901151b00938ce580c1",203,9,2,677612,3820,1,0,"91ea9fc14670a54b9902eb062b416ccf","4479a5c97c18e202d89620f6e0bd4474","6bcf6c1f8c373d25fca1579bc4464a91",2
"19900","ded7de5f5252e901151b00938ce580c1",205,8,2,678863,3820,0,0,"91ea9fc14670a54b9902eb062b416ccf","963242c7a25ba9a70b245f482e960e75","3a7ac3ab38d3261d8c162d52a7f4e644",2
"19901","ded7de5f5252e901151b00938ce580c1",206,8,2,678965,3820,0,0,"91ea9fc14670a54b9902eb062b416ccf","36f020989d86eefe270ab346e6f80e4e","5f2d1b7a31eb9117654c9d056093bfa5",2
"19902","ded7de5f5252e901151b00938ce580c1",207,8,2,679076,3820,0,0,"91ea9fc14670a54b9902eb062b416ccf","8fdab3e3f9022d0fadca93e4cd59cddc","9a07071107374d4c6a0292b80396c99c",2
"19903","ded7de5f5252e901151b00938ce580c1",208,8,2,679101,3820,0,0,"91ea9fc14670a54b9902eb062b416ccf","46f88362b82eee93adfda97ce7caa4ab","3ac301867a2503f6aba31824dd7364db",2
"19904","ded7de5f5252e901151b00938ce580c1",209,3,2,679145,3820,16,1,"91ea9fc14670a54b9902eb062b416ccf","bc77b0f38cb51b2cfe8552000e585cbf","6bcf6c1f8c373d25fca1579bc4464a91",2
"19905","ded7de5f5252e901151b00938ce580c1",211,2,2,679464,3650,1,3,"91ea9fc14670a54b9902eb062b416ccf","9a07071107374d4c6a0292b80396c99c","6bcf6c1f8c373d25fca1579bc4464a91",2
"19906","ded7de5f5252e901151b00938ce580c1",212,4,2,679481,3650,0,0,"91ea9fc14670a54b9902eb062b416ccf","336ec76a9accfb5359ea7e69f2610947","6bcf6c1f8c373d25fca1579bc4464a91",2
"19907","ded7de5f5252e901151b00938ce580c1",213,5,2,679571,3560,2,1,"78cb4fd2222d4d6c7ce0a53cf99b4b14","bc77b0f38cb51b2cfe8552000e585cbf","3ac301867a2503f6aba31824dd7364db",3
"19908","ded7de5f5252e901151b00938ce580c1",214,5,2,679634,3490,1,1,"91ea9fc14670a54b9902eb062b416ccf","3ac301867a2503f6aba31824dd7364db","bc77b0f38cb51b2cfe8552000e585cbf",2
"19909","ded7de5f5252e901151b00938ce580c1",215,1,2,679722,3390,108,2,"78cb4fd2222d4d6c7ce0a53cf99b4b14","336ec76a9accfb5359ea7e69f2610947","5f2d1b7a31eb9117654c9d056093bfa5",3
"19910","ded7de5f5252e901151b00938ce580c1",216,1,2,679961,3150,63,2,"91ea9fc14670a54b9902eb062b416ccf","9a07071107374d4c6a0292b80396c99c","3ac301867a2503f6aba31824dd7364db",2
"19911","ded7de5f5252e901151b00938ce580c1",217,2,2,680126,2990,42,2,"78cb4fd2222d4d6c7ce0a53cf99b4b14","bc77b0f38cb51b2cfe8552000e585cbf","6bcf6c1f8c373d25fca1579bc4464a91",3
"19912","ded7de5f5252e901151b00938ce580c1",218,4,2,680143,2980,0,0,"78cb4fd2222d4d6c7ce0a53cf99b4b14","7ad27aab65cc1ce38a8720efe685e24f","6bcf6c1f8c373d25fca1579bc4464a91",3
"19913","ded7de5f5252e901151b00938ce580c1",219,5,2,680256,2890,45,0,"91ea9fc14670a54b9902eb062b416ccf","34c349ba8477c94eb0a7545b439c9bd3","6bcf6c1f8c373d25fca1579bc4464a91",2
"19914","ded7de5f5252e901151b00938ce580c1",220,8,2,680308,2890,0,0,"78cb4fd2222d4d6c7ce0a53cf99b4b14","34c349ba8477c94eb0a7545b439c9bd3","fe1871734c4c4601acf113acb94da1b7",3
"19915","ded7de5f5252e901151b00938ce580c1",221,6,2,680539,2780,2,0,"78cb4fd2222d4d6c7ce0a53cf99b4b14","fe1871734c4c4601acf113acb94da1b7","5f2d1b7a31eb9117654c9d056093bfa5",3
"19916","ded7de5f5252e901151b00938ce580c1",222,3,2,680612,2780,13,1,"78cb4fd2222d4d6c7ce0a53cf99b4b14","5f2d1b7a31eb9117654c9d056093bfa5","6bcf6c1f8c373d25fca1579bc4464a91",3
"19917","ded7de5f5252e901151b00938ce580c1",224,3,2,680825,2780,14,1,"78cb4fd2222d4d6c7ce0a53cf99b4b14","5f2d1b7a31eb9117654c9d056093bfa5","6bcf6c1f8c373d25fca1579bc4464a91",3
"19918","ded7de5f5252e901151b00938ce580c1",226,3,2,680961,2780,15,2,"78cb4fd2222d4d6c7ce0a53cf99b4b14","5f2d1b7a31eb9117654c9d056093bfa5","6bcf6c1f8c373d25fca1579bc4464a91",3
"19919","ded7de5f5252e901151b00938ce580c1",228,4,2,681115,2770,0,0,"78cb4fd2222d4d6c7ce0a53cf99b4b14","7ad27aab65cc1ce38a8720efe685e24f","6bcf6c1f8c373d25fca1579bc4464a91",3
"19920","ded7de5f5252e901151b00938ce580c1",229,5,2,681312,2590,45,0,"91ea9fc14670a54b9902eb062b416ccf","417afba21d2c399474c48fa0d4993de2","6bcf6c1f8c373d25fca1579bc4464a91",2
"19921","ded7de5f5252e901151b00938ce580c1",230,8,2,681457,2590,0,0,"78cb4fd2222d4d6c7ce0a53cf99b4b14","417afba21d2c399474c48fa0d4993de2","46f88362b82eee93adfda97ce7caa4ab",3
"19922","ded7de5f5252e901151b00938ce580c1",231,1,2,681576,2460,63,2,"78cb4fd2222d4d6c7ce0a53cf99b4b14","5f2d1b7a31eb9117654c9d056093bfa5","6bcf6c1f8c373d25fca1579bc4464a91",3
"19923","ded7de5f5252e901151b00938ce580c1",232,1,2,681850,2190,1,3,"91ea9fc14670a54b9902eb062b416ccf","7ad27aab65cc1ce38a8720efe685e24f","9a07071107374d4c6a0292b80396c99c",2
"19924","ded7de5f5252e901151b00938ce580c1",234,1,2,682157,1960,1,3,"78cb4fd2222d4d6c7ce0a53cf99b4b14","bc77b0f38cb51b2cfe8552000e585cbf","4596ed9dd04a94f6ad5e60ebda302350",3
"19925","ded7de5f5252e901151b00938ce580c1",235,6,2,682339,1810,2,0,"91ea9fc14670a54b9902eb062b416ccf","4596ed9dd04a94f6ad5e60ebda302350","46f88362b82eee93adfda97ce7caa4ab",2
"19926","ded7de5f5252e901151b00938ce580c1",236,3,2,682402,1810,11,1,"91ea9fc14670a54b9902eb062b416ccf","46f88362b82eee93adfda97ce7caa4ab","6bcf6c1f8c373d25fca1579bc4464a91",2
"19927","ded7de5f5252e901151b00938ce580c1",238,8,2,682636,1810,0,0,"91ea9fc14670a54b9902eb062b416ccf","4596ed9dd04a94f6ad5e60ebda302350","050e16220dddff68fc37eca695cee3b4",2
"19928","ded7de5f5252e901151b00938ce580c1",239,3,2,682672,1810,12,1,"91ea9fc14670a54b9902eb062b416ccf","46f88362b82eee93adfda97ce7caa4ab","6bcf6c1f8c373d25fca1579bc4464a91",2
"19929","ded7de5f5252e901151b00938ce580c1",241,1,2,682934,1700,80,3,"78cb4fd2222d4d6c7ce0a53cf99b4b14","bc77b0f38cb51b2cfe8552000e585cbf","5f2d1b7a31eb9117654c9d056093bfa5",3
"19930","ded7de5f5252e901151b00938ce580c1",242,6,2,683169,1510,4,0,"91ea9fc14670a54b9902eb062b416ccf","7ad27aab65cc1ce38a8720efe685e24f","bc77b0f38cb51b2cfe8552000e585cbf",2
"19931","ded7de5f5252e901151b00938ce580c1",243,5,2,683170,1510,5,0,"91ea9fc14670a54b9902eb062b416ccf","7ad27aab65cc1ce38a8720efe685e24f","6bcf6c1f8c373d25fca1579bc4464a91",2
"19932","ded7de5f5252e901151b00938ce580c1",244,9,2,683229,1510,4,0,"78cb4fd2222d4d6c7ce0a53cf99b4b14","6bcf6c1f8c373d25fca1579bc4464a91","6bcf6c1f8c373d25fca1579bc4464a91",3
"19933","ded7de5f5252e901151b00938ce580c1",246,1,2,684722,1370,75,2,"78cb4fd2222d4d6c7ce0a53cf99b4b14","3a7ac3ab38d3261d8c162d52a7f4e644","6bcf6c1f8c373d25fca1579bc4464a91",3
"19934","ded7de5f5252e901151b00938ce580c1",247,2,2,684887,1210,1,3,"91ea9fc14670a54b9902eb062b416ccf","7ad27aab65cc1ce38a8720efe685e24f","6bcf6c1f8c373d25fca1579bc4464a91",2
"19935","ded7de5f5252e901151b00938ce580c1",248,4,2,684897,1200,0,0,"91ea9fc14670a54b9902eb062b416ccf","336ec76a9accfb5359ea7e69f2610947","6bcf6c1f8c373d25fca1579bc4464a91",2
"19936","ded7de5f5252e901151b00938ce580c1",249,2,2,684990,1110,63,2,"78cb4fd2222d4d6c7ce0a53cf99b4b14","5f2d1b7a31eb9117654c9d056093bfa5","6bcf6c1f8c373d25fca1579bc4464a91",3
"19937","ded7de5f5252e901151b00938ce580c1",250,4,2,684999,1100,0,0,"78cb4fd2222d4d6c7ce0a53cf99b4b14","7ad27aab65cc1ce38a8720efe685e24f","6bcf6c1f8c373d25fca1579bc4464a91",3
"19938","ded7de5f5252e901151b00938ce580c1",251,2,2,685144,950,1,3,"91ea9fc14670a54b9902eb062b416ccf","fe1871734c4c4601acf113acb94da1b7","6bcf6c1f8c373d25fca1579bc4464a91",2
"19939","ded7de5f5252e901151b00938ce580c1",252,4,2,685157,940,0,0,"91ea9fc14670a54b9902eb062b416ccf","050e16220dddff68fc37eca695cee3b4","6bcf6c1f8c373d25fca1579bc4464a91",2
"19940","ded7de5f5252e901151b00938ce580c1",253,2,2,685289,810,1,3,"78cb4fd2222d4d6c7ce0a53cf99b4b14","336ec76a9accfb5359ea7e69f2610947","6bcf6c1f8c373d25fca1579bc4464a91",3
"19941","ded7de5f5252e901151b00938ce580c1",254,4,2,685312,790,0,0,"78cb4fd2222d4d6c7ce0a53cf99b4b14","46f88362b82eee93adfda97ce7caa4ab","6bcf6c1f8c373d25fca1579bc4464a91",3
"19942","ded7de5f5252e901151b00938ce580c1",255,1,2,685400,700,1,3,"91ea9fc14670a54b9902eb062b416ccf","46f88362b82eee93adfda97ce7caa4ab","7ad27aab65cc1ce38a8720efe685e24f",2
"19943","ded7de5f5252e901151b00938ce580c1",256,1,2,685622,491,79,2,"78cb4fd2222d4d6c7ce0a53cf99b4b14","bc77b0f38cb51b2cfe8552000e585cbf","6bcf6c1f8c373d25fca1579bc4464a91",3
"19944","ded7de5f5252e901151b00938ce580c1",257,1,2,685820,318,63,2,"91ea9fc14670a54b9902eb062b416ccf","fe1871734c4c4601acf113acb94da1b7","6bcf6c1f8c373d25fca1579bc4464a91",2
"19945","ded7de5f5252e901151b00938ce580c1",258,2,2,686087,68,63,2,"78cb4fd2222d4d6c7ce0a53cf99b4b14","bc77b0f38cb51b2cfe8552000e585cbf","6bcf6c1f8c373d25fca1579bc4464a91",3
"19946","ded7de5f5252e901151b00938ce580c1",259,4,2,686109,49,0,0,"78cb4fd2222d4d6c7ce0a53cf99b4b14","3ac301867a2503f6aba31824dd7364db","6bcf6c1f8c373d25fca1579bc4464a91",3
"19947","ded7de5f5252e901151b00938ce580c1",260,2,2,686171,4,78,2,"91ea9fc14670a54b9902eb062b416ccf","3ac301867a2503f6aba31824dd7364db","6bcf6c1f8c373d25fca1579bc4464a91",2
"19948","ded7de5f5252e901151b00938ce580c1",261,4,2,686197,1,0,0,"91ea9fc14670a54b9902eb062b416ccf","336ec76a9accfb5359ea7e69f2610947","6bcf6c1f8c373d25fca1579bc4464a91",2
"19949","ded7de5f5252e901151b00938ce580c1",262,13,2,686305,0,0,0,"78cb4fd2222d4d6c7ce0a53cf99b4b14","6bcf6c1f8c373d25fca1579bc4464a91","6bcf6c1f8c373d25fca1579bc4464a91",3
"19950","ded7de5f5252e901151b00938ce580c1",264,12,3,695621,7200,0,0,"91ea9fc14670a54b9902eb062b416ccf","6bcf6c1f8c373d25fca1579bc4464a91","6bcf6c1f8c373d25fca1579bc4464a91",2
"19951","ded7de5f5252e901151b00938ce580c1",265,1,3,695833,6990,58,2,"91ea9fc14670a54b9902eb062b416ccf","3ac301867a2503f6aba31824dd7364db","fe1871734c4c4601acf113acb94da1b7",2
"19952","ded7de5f5252e901151b00938ce580c1",266,2,3,696083,6740,80,2,"78cb4fd2222d4d6c7ce0a53cf99b4b14","5f2d1b7a31eb9117654c9d056093bfa5","6bcf6c1f8c373d25fca1579bc4464a91",3
"19953","ded7de5f5252e901151b00938ce580c1",267,4,3,696094,6730,0,0,"78cb4fd2222d4d6c7ce0a53cf99b4b14","fe1871734c4c4601acf113acb94da1b7","6bcf6c1f8c373d25fca1579bc4464a91",3
"19954","ded7de5f5252e901151b00938ce580c1",268,1,3,696196,6620,47,2,"91ea9fc14670a54b9902eb062b416ccf","9a07071107374d4c6a0292b80396c99c","6bcf6c1f8c373d25fca1579bc4464a91",2
"19955","ded7de5f5252e901151b00938ce580c1",269,2,3,696377,6440,57,2,"78cb4fd2222d4d6c7ce0a53cf99b4b14","867712e1cdfd8b15d083f3be2af4bc0f","6bcf6c1f8c373d25fca1579bc4464a91",3
"19956","ded7de5f5252e901151b00938ce580c1",270,4,3,696388,6440,0,0,"78cb4fd2222d4d6c7ce0a53cf99b4b14","36b6d1374b888ef311eb59e4b7368f78","6bcf6c1f8c373d25fca1579bc4464a91",3
"19957","ded7de5f5252e901151b00938ce580c1",271,2,3,696506,6310,1,3,"91ea9fc14670a54b9902eb062b416ccf","9a07071107374d4c6a0292b80396c99c","6bcf6c1f8c373d25fca1579bc4464a91",2
"19958","ded7de5f5252e901151b00938ce580c1",272,4,3,696514,6310,0,0,"91ea9fc14670a54b9902eb062b416ccf","5f2d1b7a31eb9117654c9d056093bfa5","6bcf6c1f8c373d25fca1579bc4464a91",2
"19959","ded7de5f5252e901151b00938ce580c1",273,2,3,696664,6150,63,2,"78cb4fd2222d4d6c7ce0a53cf99b4b14","bc77b0f38cb51b2cfe8552000e585cbf","6bcf6c1f8c373d25fca1579bc4464a91",3
"19960","ded7de5f5252e901151b00938ce580c1",274,4,3,696677,6150,0,0,"78cb4fd2222d4d6c7ce0a53cf99b4b14","36b6d1374b888ef311eb59e4b7368f78","6bcf6c1f8c373d25fca1579bc4464a91",3
"19961","ded7de5f5252e901151b00938ce580c1",275,5,3,696757,6070,1,1,"91ea9fc14670a54b9902eb062b416ccf","3ac301867a2503f6aba31824dd7364db","bc77b0f38cb51b2cfe8552000e585cbf",2
"19962","ded7de5f5252e901151b00938ce580c1",276,5,3,696824,6000,2,1,"78cb4fd2222d4d6c7ce0a53cf99b4b14","5f2d1b7a31eb9117654c9d056093bfa5","fe1871734c4c4601acf113acb94da1b7",3
"19963","ded7de5f5252e901151b00938ce580c1",277,2,3,696895,5920,1,3,"91ea9fc14670a54b9902eb062b416ccf","fe1871734c4c4601acf113acb94da1b7","6bcf6c1f8c373d25fca1579bc4464a91",2
"19964","ded7de5f5252e901151b00938ce580c1",278,4,3,696909,5920,0,0,"91ea9fc14670a54b9902eb062b416ccf","867712e1cdfd8b15d083f3be2af4bc0f","6bcf6c1f8c373d25fca1579bc4464a91",2
"19965","ded7de5f5252e901151b00938ce580c1",279,1,3,697012,5810,79,2,"78cb4fd2222d4d6c7ce0a53cf99b4b14","bc77b0f38cb51b2cfe8552000e585cbf","6bcf6c1f8c373d25fca1579bc4464a91",3
"19966","ded7de5f5252e901151b00938ce580c1",280,5,3,697216,5620,45,0,"91ea9fc14670a54b9902eb062b416ccf","fe1871734c4c4601acf113acb94da1b7","6bcf6c1f8c373d25fca1579bc4464a91",2
"19967","ded7de5f5252e901151b00938ce580c1",281,2,3,697470,5480,101,2,"78cb4fd2222d4d6c7ce0a53cf99b4b14","bc77b0f38cb51b2cfe8552000e585cbf","6bcf6c1f8c373d25fca1579bc4464a91",3
"19968","ded7de5f5252e901151b00938ce580c1",282,4,3,697487,5470,0,0,"78cb4fd2222d4d6c7ce0a53cf99b4b14","867712e1cdfd8b15d083f3be2af4bc0f","6bcf6c1f8c373d25fca1579bc4464a91",3
"19969","ded7de5f5252e901151b00938ce580c1",283,6,3,697575,5430,1,0,"78cb4fd2222d4d6c7ce0a53cf99b4b14","36b6d1374b888ef311eb59e4b7368f78","336ec76a9accfb5359ea7e69f2610947",3
"19970","ded7de5f5252e901151b00938ce580c1",284,2,3,697854,5280,101,2,"78cb4fd2222d4d6c7ce0a53cf99b4b14","4596ed9dd04a94f6ad5e60ebda302350","6bcf6c1f8c373d25fca1579bc4464a91",3
"19971","ded7de5f5252e901151b00938ce580c1",285,4,3,697869,5270,0,0,"78cb4fd2222d4d6c7ce0a53cf99b4b14","3ac301867a2503f6aba31824dd7364db","6bcf6c1f8c373d25fca1579bc4464a91",3
"19972","ded7de5f5252e901151b00938ce580c1",286,2,3,697947,5190,79,2,"91ea9fc14670a54b9902eb062b416ccf","fe1871734c4c4601acf113acb94da1b7","6bcf6c1f8c373d25fca1579bc4464a91",2
"19973","ded7de5f5252e901151b00938ce580c1",287,4,3,697958,5180,0,0,"91ea9fc14670a54b9902eb062b416ccf","36b6d1374b888ef311eb59e4b7368f78","6bcf6c1f8c373d25fca1579bc4464a91",2
"19974","ded7de5f5252e901151b00938ce580c1",288,2,3,697974,5160,72,2,"91ea9fc14670a54b9902eb062b416ccf","36b6d1374b888ef311eb59e4b7368f78","6bcf6c1f8c373d25fca1579bc4464a91",2
"19975","ded7de5f5252e901151b00938ce580c1",289,4,3,697983,5160,0,0,"91ea9fc14670a54b9902eb062b416ccf","bc77b0f38cb51b2cfe8552000e585cbf","6bcf6c1f8c373d25fca1579bc4464a91",2
"19976","ded7de5f5252e901151b00938ce580c1",290,2,3,698064,5070,1,3,"78cb4fd2222d4d6c7ce0a53cf99b4b14","336ec76a9accfb5359ea7e69f2610947","6bcf6c1f8c373d25fca1579bc4464a91",3
"19977","ded7de5f5252e901151b00938ce580c1",291,4,3,698082,5060,0,0,"78cb4fd2222d4d6c7ce0a53cf99b4b14","3ac301867a2503f6aba31824dd7364db","6bcf6c1f8c373d25fca1579bc4464a91",3
"19978","ded7de5f5252e901151b00938ce580c1",292,6,3,698268,4930,2,0,"91ea9fc14670a54b9902eb062b416ccf","867712e1cdfd8b15d083f3be2af4bc0f","3ac301867a2503f6aba31824dd7364db",2
"19979","ded7de5f5252e901151b00938ce580c1",293,3,3,698369,4930,11,1,"91ea9fc14670a54b9902eb062b416ccf","3ac301867a2503f6aba31824dd7364db","6bcf6c1f8c373d25fca1579bc4464a91",2
"19980","ded7de5f5252e901151b00938ce580c1",295,3,3,698522,4930,12,2,"91ea9fc14670a54b9902eb062b416ccf","3ac301867a2503f6aba31824dd7364db","6bcf6c1f8c373d25fca1579bc4464a91",2
"19981","ded7de5f5252e901151b00938ce580c1",297,4,3,698705,4920,0,0,"91ea9fc14670a54b9902eb062b416ccf","867712e1cdfd8b15d083f3be2af4bc0f","6bcf6c1f8c373d25fca1579bc4464a91",2
"19982","ded7de5f5252e901151b00938ce580c1",298,2,3,698874,4740,73,2,"78cb4fd2222d4d6c7ce0a53cf99b4b14","bc77b0f38cb51b2cfe8552000e585cbf","6bcf6c1f8c373d25fca1579bc4464a91",3
"19983","ded7de5f5252e901151b00938ce580c1",299,4,3,698881,4730,0,0,"78cb4fd2222d4d6c7ce0a53cf99b4b14","36b6d1374b888ef311eb59e4b7368f78","6bcf6c1f8c373d25fca1579bc4464a91",3
"19984","ded7de5f5252e901151b00938ce580c1",300,1,3,698994,4620,51,2,"91ea9fc14670a54b9902eb062b416ccf","3ac301867a2503f6aba31824dd7364db","34c349ba8477c94eb0a7545b439c9bd3",2
"19985","ded7de5f5252e901151b00938ce580c1",301,2,3,699203,4410,80,3,"78cb4fd2222d4d6c7ce0a53cf99b4b14","336ec76a9accfb5359ea7e69f2610947","6bcf6c1f8c373d25fca1579bc4464a91",3
"19986","ded7de5f5252e901151b00938ce580c1",302,4,3,699213,4400,0,0,"78cb4fd2222d4d6c7ce0a53cf99b4b14","3ac301867a2503f6aba31824dd7364db","6bcf6c1f8c373d25fca1579bc4464a91",3
"19987","ded7de5f5252e901151b00938ce580c1",303,1,3,699316,4290,79,2,"91ea9fc14670a54b9902eb062b416ccf","34c349ba8477c94eb0a7545b439c9bd3","6bcf6c1f8c373d25fca1579bc4464a91",2
"19988","ded7de5f5252e901151b00938ce580c1",304,9,3,699348,4290,1,0,"78cb4fd2222d4d6c7ce0a53cf99b4b14","59725ca805f412244b57392c572b463f","6bcf6c1f8c373d25fca1579bc4464a91",3
"19989","ded7de5f5252e901151b00938ce580c1",306,8,3,700434,4290,0,0,"78cb4fd2222d4d6c7ce0a53cf99b4b14","867712e1cdfd8b15d083f3be2af4bc0f","3a7ac3ab38d3261d8c162d52a7f4e644",3
"19990","ded7de5f5252e901151b00938ce580c1",307,5,3,700939,4140,2,1,"78cb4fd2222d4d6c7ce0a53cf99b4b14","5f2d1b7a31eb9117654c9d056093bfa5","9a07071107374d4c6a0292b80396c99c",3
"19991","ded7de5f5252e901151b00938ce580c1",308,6,3,701046,4140,1,0,"91ea9fc14670a54b9902eb062b416ccf","3a7ac3ab38d3261d8c162d52a7f4e644","34c349ba8477c94eb0a7545b439c9bd3",2
"19992","ded7de5f5252e901151b00938ce580c1",309,6,3,701345,4070,4,0,"91ea9fc14670a54b9902eb062b416ccf","36b6d1374b888ef311eb59e4b7368f78","bc77b0f38cb51b2cfe8552000e585cbf",2
"19993","ded7de5f5252e901151b00938ce580c1",310,5,3,701346,4070,5,0,"91ea9fc14670a54b9902eb062b416ccf","36b6d1374b888ef311eb59e4b7368f78","6bcf6c1f8c373d25fca1579bc4464a91",2
"19994","ded7de5f5252e901151b00938ce580c1",311,5,3,701651,3930,2,1,"78cb4fd2222d4d6c7ce0a53cf99b4b14","bc77b0f38cb51b2cfe8552000e585cbf","3ac301867a2503f6aba31824dd7364db",3
"19995","ded7de5f5252e901151b00938ce580c1",312,6,3,701761,3860,2,0,"91ea9fc14670a54b9902eb062b416ccf","336ec76a9accfb5359ea7e69f2610947","3ac301867a2503f6aba31824dd7364db",2
"19996","ded7de5f5252e901151b00938ce580c1",313,3,3,701876,3860,11,1,"91ea9fc14670a54b9902eb062b416ccf","3ac301867a2503f6aba31824dd7364db","6bcf6c1f8c373d25fca1579bc4464a91",2
"19997","ded7de5f5252e901151b00938ce580c1",315,3,3,701966,3860,12,1,"91ea9fc14670a54b9902eb062b416ccf","3ac301867a2503f6aba31824dd7364db","6bcf6c1f8c373d25fca1579bc4464a91",2
"19998","ded7de5f5252e901151b00938ce580c1",317,1,3,702288,3720,1,3,"78cb4fd2222d4d6c7ce0a53cf99b4b14","5f2d1b7a31eb9117654c9d056093bfa5","4596ed9dd04a94f6ad5e60ebda302350",3
"19999","ded7de5f5252e901151b00938ce580c1",318,1,3,702465,3550,80,2,"91ea9fc14670a54b9902eb062b416ccf","34c349ba8477c94eb0a7545b439c9bd3","6bcf6c1f8c373d25fca1579bc4464a91",2
"20000","ded7de5f5252e901151b00938ce580c1",319,2,3,702604,3410,1,3,"78cb4fd2222d4d6c7ce0a53cf99b4b14","5f2d1b7a31eb9117654c9d056093bfa5","6bcf6c1f8c373d25fca1579bc4464a91",3
"20001","ded7de5f5252e901151b00938ce580c1",320,4,3,702616,3400,0,0,"78cb4fd2222d4d6c7ce0a53cf99b4b14","36b6d1374b888ef311eb59e4b7368f78","6bcf6c1f8c373d25fca1579bc4464a91",3
"20002","ded7de5f5252e901151b00938ce580c1",321,6,3,702716,3330,2,0,"91ea9fc14670a54b9902eb062b416ccf","4596ed9dd04a94f6ad5e60ebda302350","fe1871734c4c4601acf113acb94da1b7",2
"20003","ded7de5f5252e901151b00938ce580c1",322,3,3,702820,3330,11,1,"91ea9fc14670a54b9902eb062b416ccf","fe1871734c4c4601acf113acb94da1b7","6bcf6c1f8c373d25fca1579bc4464a91",2
"20004","ded7de5f5252e901151b00938ce580c1",324,8,3,703038,3330,0,0,"91ea9fc14670a54b9902eb062b416ccf","34c349ba8477c94eb0a7545b439c9bd3","46f88362b82eee93adfda97ce7caa4ab",2
"20005","ded7de5f5252e901151b00938ce580c1",344,8,3,703068,3330,0,0,"91ea9fc14670a54b9902eb062b416ccf","4596ed9dd04a94f6ad5e60ebda302350","050e16220dddff68fc37eca695cee3b4",2
"20006","ded7de5f5252e901151b00938ce580c1",325,3,3,703069,3330,12,1,"91ea9fc14670a54b9902eb062b416ccf","fe1871734c4c4601acf113acb94da1b7","6bcf6c1f8c373d25fca1579bc4464a91",2
"20007","ded7de5f5252e901151b00938ce580c1",327,6,3,703382,3200,2,0,"78cb4fd2222d4d6c7ce0a53cf99b4b14","36b6d1374b888ef311eb59e4b7368f78","336ec76a9accfb5359ea7e69f2610947",3
"20008","ded7de5f5252e901151b00938ce580c1",328,3,3,703451,3200,11,1,"78cb4fd2222d4d6c7ce0a53cf99b4b14","336ec76a9accfb5359ea7e69f2610947","6bcf6c1f8c373d25fca1579bc4464a91",3
"20009","ded7de5f5252e901151b00938ce580c1",330,3,3,703631,3200,12,1,"78cb4fd2222d4d6c7ce0a53cf99b4b14","336ec76a9accfb5359ea7e69f2610947","6bcf6c1f8c373d25fca1579bc4464a91",3
"20010","ded7de5f5252e901151b00938ce580c1",332,2,3,703969,3040,42,2,"91ea9fc14670a54b9902eb062b416ccf","fe1871734c4c4601acf113acb94da1b7","6bcf6c1f8c373d25fca1579bc4464a91",2
"20011","ded7de5f5252e901151b00938ce580c1",333,4,3,703978,3030,0,0,"91ea9fc14670a54b9902eb062b416ccf","5f2d1b7a31eb9117654c9d056093bfa5","6bcf6c1f8c373d25fca1579bc4464a91",2
"20012","ded7de5f5252e901151b00938ce580c1",334,6,3,704101,2950,1,0,"78cb4fd2222d4d6c7ce0a53cf99b4b14","9a07071107374d4c6a0292b80396c99c","336ec76a9accfb5359ea7e69f2610947",3
"20013","ded7de5f5252e901151b00938ce580c1",335,6,3,704290,2950,11,0,"78cb4fd2222d4d6c7ce0a53cf99b4b14","9a07071107374d4c6a0292b80396c99c","6bcf6c1f8c373d25fca1579bc4464a91",3
"20014","ded7de5f5252e901151b00938ce580c1",336,3,3,704426,2950,16,2,"78cb4fd2222d4d6c7ce0a53cf99b4b14","5f2d1b7a31eb9117654c9d056093bfa5","6bcf6c1f8c373d25fca1579bc4464a91",3
"20015","ded7de5f5252e901151b00938ce580c1",337,4,3,704427,2950,1,0,"78cb4fd2222d4d6c7ce0a53cf99b4b14","59725ca805f412244b57392c572b463f","6bcf6c1f8c373d25fca1579bc4464a91",3
"20016","ded7de5f5252e901151b00938ce580c1",338,1,3,704790,2870,5,2,"78cb4fd2222d4d6c7ce0a53cf99b4b14","050e16220dddff68fc37eca695cee3b4","5f2d1b7a31eb9117654c9d056093bfa5",3
"20017","ded7de5f5252e901151b00938ce580c1",339,1,3,704876,2780,7,2,"91ea9fc14670a54b9902eb062b416ccf","36b6d1374b888ef311eb59e4b7368f78","3ac301867a2503f6aba31824dd7364db",2
"20018","ded7de5f5252e901151b00938ce580c1",340,2,3,705013,2650,1,3,"78cb4fd2222d4d6c7ce0a53cf99b4b14","3a7ac3ab38d3261d8c162d52a7f4e644","6bcf6c1f8c373d25fca1579bc4464a91",3
"20019","ded7de5f5252e901151b00938ce580c1",341,4,3,705068,2650,0,0,"78cb4fd2222d4d6c7ce0a53cf99b4b14","59725ca805f412244b57392c572b463f","6bcf6c1f8c373d25fca1579bc4464a91",3
"20020","ded7de5f5252e901151b00938ce580c1",342,6,3,705093,2650,3,0,"78cb4fd2222d4d6c7ce0a53cf99b4b14","36b6d1374b888ef311eb59e4b7368f78","336ec76a9accfb5359ea7e69f2610947",3
"20021","ded7de5f5252e901151b00938ce580c1",343,8,3,705190,2650,0,0,"78cb4fd2222d4d6c7ce0a53cf99b4b14","9a07071107374d4c6a0292b80396c99c","417afba21d2c399474c48fa0d4993de2",3
"20022","ded7de5f5252e901151b00938ce580c1",345,8,3,705478,2650,0,0,"78cb4fd2222d4d6c7ce0a53cf99b4b14","36b6d1374b888ef311eb59e4b7368f78","7ad27aab65cc1ce38a8720efe685e24f",3
"20023","ded7de5f5252e901151b00938ce580c1",346,2,3,705531,2460,1,3,"78cb4fd2222d4d6c7ce0a53cf99b4b14","bc77b0f38cb51b2cfe8552000e585cbf","6bcf6c1f8c373d25fca1579bc4464a91",3
"20024","ded7de5f5252e901151b00938ce580c1",347,4,3,705549,2440,0,0,"78cb4fd2222d4d6c7ce0a53cf99b4b14","3ac301867a2503f6aba31824dd7364db","6bcf6c1f8c373d25fca1579bc4464a91",3
"20025","ded7de5f5252e901151b00938ce580c1",348,2,3,705662,2330,1,3,"91ea9fc14670a54b9902eb062b416ccf","7ad27aab65cc1ce38a8720efe685e24f","6bcf6c1f8c373d25fca1579bc4464a91",2
"20026","ded7de5f5252e901151b00938ce580c1",349,4,3,705680,2310,0,0,"91ea9fc14670a54b9902eb062b416ccf","3ac301867a2503f6aba31824dd7364db","6bcf6c1f8c373d25fca1579bc4464a91",2
"20027","ded7de5f5252e901151b00938ce580c1",350,1,3,705798,2190,42,2,"91ea9fc14670a54b9902eb062b416ccf","fe1871734c4c4601acf113acb94da1b7","6bcf6c1f8c373d25fca1579bc4464a91",2
"20028","ded7de5f5252e901151b00938ce580c1",351,6,3,706033,2010,2,1,"78cb4fd2222d4d6c7ce0a53cf99b4b14","fe1871734c4c4601acf113acb94da1b7","3a7ac3ab38d3261d8c162d52a7f4e644",3
"20029","ded7de5f5252e901151b00938ce580c1",352,3,3,706221,2010,11,2,"78cb4fd2222d4d6c7ce0a53cf99b4b14","3a7ac3ab38d3261d8c162d52a7f4e644","6bcf6c1f8c373d25fca1579bc4464a91",3
"20030","ded7de5f5252e901151b00938ce580c1",353,4,3,706222,2010,1,0,"78cb4fd2222d4d6c7ce0a53cf99b4b14","59725ca805f412244b57392c572b463f","6bcf6c1f8c373d25fca1579bc4464a91",3
"20031","ded7de5f5252e901151b00938ce580c1",354,8,3,706307,2010,0,0,"78cb4fd2222d4d6c7ce0a53cf99b4b14","336ec76a9accfb5359ea7e69f2610947","867712e1cdfd8b15d083f3be2af4bc0f",3
"20032","ded7de5f5252e901151b00938ce580c1",356,8,3,706322,2010,0,0,"78cb4fd2222d4d6c7ce0a53cf99b4b14","3ac301867a2503f6aba31824dd7364db","8fdab3e3f9022d0fadca93e4cd59cddc",3
"20033","ded7de5f5252e901151b00938ce580c1",357,3,3,706355,2010,12,1,"78cb4fd2222d4d6c7ce0a53cf99b4b14","3a7ac3ab38d3261d8c162d52a7f4e644","6bcf6c1f8c373d25fca1579bc4464a91",3
"20034","ded7de5f5252e901151b00938ce580c1",360,1,3,706597,1880,79,3,"91ea9fc14670a54b9902eb062b416ccf","fe1871734c4c4601acf113acb94da1b7","6bcf6c1f8c373d25fca1579bc4464a91",2
"20035","ded7de5f5252e901151b00938ce580c1",361,9,3,706648,1870,2,0,"78cb4fd2222d4d6c7ce0a53cf99b4b14","59725ca805f412244b57392c572b463f","6bcf6c1f8c373d25fca1579bc4464a91",3
"20036","ded7de5f5252e901151b00938ce580c1",363,8,3,707379,1870,0,0,"78cb4fd2222d4d6c7ce0a53cf99b4b14","867712e1cdfd8b15d083f3be2af4bc0f","4596ed9dd04a94f6ad5e60ebda302350",3
"20037","ded7de5f5252e901151b00938ce580c1",364,2,3,707675,1670,1,2,"78cb4fd2222d4d6c7ce0a53cf99b4b14","050e16220dddff68fc37eca695cee3b4","6bcf6c1f8c373d25fca1579bc4464a91",3
"20038","ded7de5f5252e901151b00938ce580c1",365,4,3,707717,1670,0,0,"78cb4fd2222d4d6c7ce0a53cf99b4b14","59725ca805f412244b57392c572b463f","6bcf6c1f8c373d25fca1579bc4464a91",3
"20039","ded7de5f5252e901151b00938ce580c1",366,6,3,707820,1670,3,1,"78cb4fd2222d4d6c7ce0a53cf99b4b14","8fdab3e3f9022d0fadca93e4cd59cddc","4596ed9dd04a94f6ad5e60ebda302350",3
"20040","ded7de5f5252e901151b00938ce580c1",367,9,3,707913,1670,1,0,"78cb4fd2222d4d6c7ce0a53cf99b4b14","4479a5c97c18e202d89620f6e0bd4474","6bcf6c1f8c373d25fca1579bc4464a91",3
"20041","ded7de5f5252e901151b00938ce580c1",369,8,3,709118,1670,0,0,"78cb4fd2222d4d6c7ce0a53cf99b4b14","fe1871734c4c4601acf113acb94da1b7","34c349ba8477c94eb0a7545b439c9bd3",3
"20042","ded7de5f5252e901151b00938ce580c1",370,3,3,709204,1670,11,1,"78cb4fd2222d4d6c7ce0a53cf99b4b14","4596ed9dd04a94f6ad5e60ebda302350","6bcf6c1f8c373d25fca1579bc4464a91",3
"20043","ded7de5f5252e901151b00938ce580c1",372,3,3,709340,1670,12,1,"78cb4fd2222d4d6c7ce0a53cf99b4b14","4596ed9dd04a94f6ad5e60ebda302350","6bcf6c1f8c373d25fca1579bc4464a91",3
"20044","ded7de5f5252e901151b00938ce580c1",374,1,3,709670,1540,42,2,"91ea9fc14670a54b9902eb062b416ccf","417afba21d2c399474c48fa0d4993de2","6bcf6c1f8c373d25fca1579bc4464a91",2
"20045","ded7de5f5252e901151b00938ce580c1",376,5,3,710083,1280,41,0,"78cb4fd2222d4d6c7ce0a53cf99b4b14","3a7ac3ab38d3261d8c162d52a7f4e644","6bcf6c1f8c373d25fca1579bc4464a91",3
"20046","ded7de5f5252e901151b00938ce580c1",377,6,3,710154,1280,3,1,"91ea9fc14670a54b9902eb062b416ccf","4596ed9dd04a94f6ad5e60ebda302350","8fdab3e3f9022d0fadca93e4cd59cddc",2
"20047","ded7de5f5252e901151b00938ce580c1",378,3,3,710275,1280,11,1,"91ea9fc14670a54b9902eb062b416ccf","8fdab3e3f9022d0fadca93e4cd59cddc","6bcf6c1f8c373d25fca1579bc4464a91",2
"20048","ded7de5f5252e901151b00938ce580c1",380,3,3,710397,1280,12,1,"91ea9fc14670a54b9902eb062b416ccf","8fdab3e3f9022d0fadca93e4cd59cddc","6bcf6c1f8c373d25fca1579bc4464a91",2
"20049","ded7de5f5252e901151b00938ce580c1",382,2,3,710646,1060,42,2,"78cb4fd2222d4d6c7ce0a53cf99b4b14","3a7ac3ab38d3261d8c162d52a7f4e644","6bcf6c1f8c373d25fca1579bc4464a91",3
"20050","ded7de5f5252e901151b00938ce580c1",383,4,3,710658,1050,0,0,"78cb4fd2222d4d6c7ce0a53cf99b4b14","7ad27aab65cc1ce38a8720efe685e24f","6bcf6c1f8c373d25fca1579bc4464a91",3
"20051","ded7de5f5252e901151b00938ce580c1",384,2,3,710795,910,1,3,"91ea9fc14670a54b9902eb062b416ccf","417afba21d2c399474c48fa0d4993de2","6bcf6c1f8c373d25fca1579bc4464a91",2
"20052","ded7de5f5252e901151b00938ce580c1",385,4,3,710806,910,0,0,"91ea9fc14670a54b9902eb062b416ccf","4596ed9dd04a94f6ad5e60ebda302350","6bcf6c1f8c373d25fca1579bc4464a91",2
"20053","ded7de5f5252e901151b00938ce580c1",386,1,3,710926,780,79,3,"78cb4fd2222d4d6c7ce0a53cf99b4b14","5f2d1b7a31eb9117654c9d056093bfa5","bc77b0f38cb51b2cfe8552000e585cbf",3
"20054","ded7de5f5252e901151b00938ce580c1",387,6,3,711240,528,2,1,"91ea9fc14670a54b9902eb062b416ccf","4596ed9dd04a94f6ad5e60ebda302350","34c349ba8477c94eb0a7545b439c9bd3",2
"20055","ded7de5f5252e901151b00938ce580c1",388,3,3,711324,528,11,1,"91ea9fc14670a54b9902eb062b416ccf","34c349ba8477c94eb0a7545b439c9bd3","6bcf6c1f8c373d25fca1579bc4464a91",2
"20056","ded7de5f5252e901151b00938ce580c1",390,8,3,711487,528,0,0,"91ea9fc14670a54b9902eb062b416ccf","4596ed9dd04a94f6ad5e60ebda302350","336ec76a9accfb5359ea7e69f2610947",2
"20057","ded7de5f5252e901151b00938ce580c1",391,3,3,711511,528,12,1,"91ea9fc14670a54b9902eb062b416ccf","34c349ba8477c94eb0a7545b439c9bd3","6bcf6c1f8c373d25fca1579bc4464a91",2
"20058","ded7de5f5252e901151b00938ce580c1",393,1,3,711776,424,79,3,"78cb4fd2222d4d6c7ce0a53cf99b4b14","bc77b0f38cb51b2cfe8552000e585cbf","6bcf6c1f8c373d25fca1579bc4464a91",3
"20059","ded7de5f5252e901151b00938ce580c1",394,1,3,712005,262,102,2,"91ea9fc14670a54b9902eb062b416ccf","7ad27aab65cc1ce38a8720efe685e24f","6bcf6c1f8c373d25fca1579bc4464a91",2
"20060","ded7de5f5252e901151b00938ce580c1",395,2,3,712294,22,1,3,"78cb4fd2222d4d6c7ce0a53cf99b4b14","336ec76a9accfb5359ea7e69f2610947","6bcf6c1f8c373d25fca1579bc4464a91",3
"20061","ded7de5f5252e901151b00938ce580c1",396,4,3,712307,22,0,0,"78cb4fd2222d4d6c7ce0a53cf99b4b14","59725ca805f412244b57392c572b463f","6bcf6c1f8c373d25fca1579bc4464a91",3
"20062","ded7de5f5252e901151b00938ce580c1",397,5,3,712325,22,11,0,"78cb4fd2222d4d6c7ce0a53cf99b4b14","59725ca805f412244b57392c572b463f","6bcf6c1f8c373d25fca1579bc4464a91",3
"20063","ded7de5f5252e901151b00938ce580c1",398,5,3,712572,7,2,1,"91ea9fc14670a54b9902eb062b416ccf","7ad27aab65cc1ce38a8720efe685e24f","3a7ac3ab38d3261d8c162d52a7f4e644",2
"20064","ded7de5f5252e901151b00938ce580c1",400,2,3,712792,2,45,3,"78cb4fd2222d4d6c7ce0a53cf99b4b14","3a7ac3ab38d3261d8c162d52a7f4e644","6bcf6c1f8c373d25fca1579bc4464a91",3
"20065","ded7de5f5252e901151b00938ce580c1",401,4,3,712837,0,0,0,"78cb4fd2222d4d6c7ce0a53cf99b4b14","59725ca805f412244b57392c572b463f","6bcf6c1f8c373d25fca1579bc4464a91",3
"20066","ded7de5f5252e901151b00938ce580c1",402,13,3,712860,0,0,0,"78cb4fd2222d4d6c7ce0a53cf99b4b14","6bcf6c1f8c373d25fca1579bc4464a91","6bcf6c1f8c373d25fca1579bc4464a91",3
"20067","ded7de5f5252e901151b00938ce580c1",404,12,4,714186,7200,0,0,"78cb4fd2222d4d6c7ce0a53cf99b4b14","6bcf6c1f8c373d25fca1579bc4464a91","6bcf6c1f8c373d25fca1579bc4464a91",3
"20068","ded7de5f5252e901151b00938ce580c1",405,1,4,714304,7080,47,2,"78cb4fd2222d4d6c7ce0a53cf99b4b14","3a7ac3ab38d3261d8c162d52a7f4e644","5f2d1b7a31eb9117654c9d056093bfa5",3
"20069","ded7de5f5252e901151b00938ce580c1",406,1,4,714523,6860,79,2,"91ea9fc14670a54b9902eb062b416ccf","8fdab3e3f9022d0fadca93e4cd59cddc","34c349ba8477c94eb0a7545b439c9bd3",2
"20070","ded7de5f5252e901151b00938ce580c1",407,2,4,714662,6720,1,3,"78cb4fd2222d4d6c7ce0a53cf99b4b14","5f2d1b7a31eb9117654c9d056093bfa5","6bcf6c1f8c373d25fca1579bc4464a91",3
"20071","ded7de5f5252e901151b00938ce580c1",408,4,4,714675,6710,0,0,"78cb4fd2222d4d6c7ce0a53cf99b4b14","8fdab3e3f9022d0fadca93e4cd59cddc","6bcf6c1f8c373d25fca1579bc4464a91",3
"20072","ded7de5f5252e901151b00938ce580c1",409,2,4,714770,6610,79,2,"91ea9fc14670a54b9902eb062b416ccf","34c349ba8477c94eb0a7545b439c9bd3","6bcf6c1f8c373d25fca1579bc4464a91",2
"20073","ded7de5f5252e901151b00938ce580c1",410,4,4,714782,6610,0,0,"91ea9fc14670a54b9902eb062b416ccf","5f2d1b7a31eb9117654c9d056093bfa5","6bcf6c1f8c373d25fca1579bc4464a91",2
"20074","ded7de5f5252e901151b00938ce580c1",411,5,4,714870,6520,1,1,"78cb4fd2222d4d6c7ce0a53cf99b4b14","5f2d1b7a31eb9117654c9d056093bfa5","34c349ba8477c94eb0a7545b439c9bd3",3
"20075","ded7de5f5252e901151b00938ce580c1",412,1,4,714905,6480,50,2,"91ea9fc14670a54b9902eb062b416ccf","34c349ba8477c94eb0a7545b439c9bd3","6bcf6c1f8c373d25fca1579bc4464a91",2
"20076","ded7de5f5252e901151b00938ce580c1",413,1,4,715087,6300,63,2,"78cb4fd2222d4d6c7ce0a53cf99b4b14","3a7ac3ab38d3261d8c162d52a7f4e644","6bcf6c1f8c373d25fca1579bc4464a91",3
"20077","ded7de5f5252e901151b00938ce580c1",414,2,4,715231,6150,44,2,"91ea9fc14670a54b9902eb062b416ccf","8fdab3e3f9022d0fadca93e4cd59cddc","6bcf6c1f8c373d25fca1579bc4464a91",2
"20078","ded7de5f5252e901151b00938ce580c1",416,4,4,715267,6110,0,0,"91ea9fc14670a54b9902eb062b416ccf","417afba21d2c399474c48fa0d4993de2","6bcf6c1f8c373d25fca1579bc4464a91",2
"20079","ded7de5f5252e901151b00938ce580c1",415,2,4,715269,6110,97,2,"91ea9fc14670a54b9902eb062b416ccf","417afba21d2c399474c48fa0d4993de2","6bcf6c1f8c373d25fca1579bc4464a91",2
"20080","ded7de5f5252e901151b00938ce580c1",417,4,4,715281,6100,0,0,"91ea9fc14670a54b9902eb062b416ccf","5f2d1b7a31eb9117654c9d056093bfa5","6bcf6c1f8c373d25fca1579bc4464a91",2
"20081","ded7de5f5252e901151b00938ce580c1",418,5,4,715349,6050,2,1,"78cb4fd2222d4d6c7ce0a53cf99b4b14","36f020989d86eefe270ab346e6f80e4e","7ad27aab65cc1ce38a8720efe685e24f",3
"20082","ded7de5f5252e901151b00938ce580c1",419,1,4,715378,6010,41,2,"91ea9fc14670a54b9902eb062b416ccf","46f88362b82eee93adfda97ce7caa4ab","7ad27aab65cc1ce38a8720efe685e24f",2
"20083","ded7de5f5252e901151b00938ce580c1",420,5,4,715569,5820,2,1,"78cb4fd2222d4d6c7ce0a53cf99b4b14","36f020989d86eefe270ab346e6f80e4e","34c349ba8477c94eb0a7545b439c9bd3",3
"20084","ded7de5f5252e901151b00938ce580c1",421,1,4,715605,5780,50,2,"91ea9fc14670a54b9902eb062b416ccf","417afba21d2c399474c48fa0d4993de2","34c349ba8477c94eb0a7545b439c9bd3",2
"20085","ded7de5f5252e901151b00938ce580c1",422,9,4,715658,5770,1,0,"78cb4fd2222d4d6c7ce0a53cf99b4b14","59725ca805f412244b57392c572b463f","6bcf6c1f8c373d25fca1579bc4464a91",3
"20086","ded7de5f5252e901151b00938ce580c1",424,2,4,717159,5660,57,2,"78cb4fd2222d4d6c7ce0a53cf99b4b14","050e16220dddff68fc37eca695cee3b4","6bcf6c1f8c373d25fca1579bc4464a91",3
"20087","ded7de5f5252e901151b00938ce580c1",425,4,4,717177,5650,0,0,"78cb4fd2222d4d6c7ce0a53cf99b4b14","46f88362b82eee93adfda97ce7caa4ab","6bcf6c1f8c373d25fca1579bc4464a91",3
"20088","ded7de5f5252e901151b00938ce580c1",426,2,4,717299,5520,79,2,"91ea9fc14670a54b9902eb062b416ccf","46f88362b82eee93adfda97ce7caa4ab","6bcf6c1f8c373d25fca1579bc4464a91",2
"20089","ded7de5f5252e901151b00938ce580c1",427,4,4,717319,5510,0,0,"91ea9fc14670a54b9902eb062b416ccf","336ec76a9accfb5359ea7e69f2610947","6bcf6c1f8c373d25fca1579bc4464a91",2
"20090","ded7de5f5252e901151b00938ce580c1",428,1,4,717419,5400,79,2,"78cb4fd2222d4d6c7ce0a53cf99b4b14","050e16220dddff68fc37eca695cee3b4","5f2d1b7a31eb9117654c9d056093bfa5",3
"20091","ded7de5f5252e901151b00938ce580c1",429,2,4,717633,5190,80,2,"91ea9fc14670a54b9902eb062b416ccf","34c349ba8477c94eb0a7545b439c9bd3","6bcf6c1f8c373d25fca1579bc4464a91",2
"20092","ded7de5f5252e901151b00938ce580c1",430,4,4,717642,5180,0,0,"91ea9fc14670a54b9902eb062b416ccf","5f2d1b7a31eb9117654c9d056093bfa5","6bcf6c1f8c373d25fca1579bc4464a91",2
"20093","ded7de5f5252e901151b00938ce580c1",431,6,4,717751,5100,2,0,"78cb4fd2222d4d6c7ce0a53cf99b4b14","8fdab3e3f9022d0fadca93e4cd59cddc","36f020989d86eefe270ab346e6f80e4e",3
"20094","ded7de5f5252e901151b00938ce580c1",432,3,4,717832,5100,11,1,"78cb4fd2222d4d6c7ce0a53cf99b4b14","36f020989d86eefe270ab346e6f80e4e","6bcf6c1f8c373d25fca1579bc4464a91",3
"20095","ded7de5f5252e901151b00938ce580c1",434,8,4,718008,5100,0,0,"78cb4fd2222d4d6c7ce0a53cf99b4b14","5f2d1b7a31eb9117654c9d056093bfa5","bc77b0f38cb51b2cfe8552000e585cbf",3
"20096","ded7de5f5252e901151b00938ce580c1",435,8,4,718043,5100,0,0,"78cb4fd2222d4d6c7ce0a53cf99b4b14","34c349ba8477c94eb0a7545b439c9bd3","fe1871734c4c4601acf113acb94da1b7",3
"20097","ded7de5f5252e901151b00938ce580c1",436,3,4,718071,5100,12,1,"78cb4fd2222d4d6c7ce0a53cf99b4b14","36f020989d86eefe270ab346e6f80e4e","6bcf6c1f8c373d25fca1579bc4464a91",3
"20098","ded7de5f5252e901151b00938ce580c1",438,1,4,718332,4990,1,2,"91ea9fc14670a54b9902eb062b416ccf","8fdab3e3f9022d0fadca93e4cd59cddc","7ad27aab65cc1ce38a8720efe685e24f",2
"20099","ded7de5f5252e901151b00938ce580c1",439,1,4,718519,4800,79,2,"78cb4fd2222d4d6c7ce0a53cf99b4b14","bc77b0f38cb51b2cfe8552000e585cbf","6bcf6c1f8c373d25fca1579bc4464a91",3
"20100","ded7de5f5252e901151b00938ce580c1",440,1,4,718688,4630,42,2,"91ea9fc14670a54b9902eb062b416ccf","fe1871734c4c4601acf113acb94da1b7","6bcf6c1f8c373d25fca1579bc4464a91",2
"20101","ded7de5f5252e901151b00938ce580c1",441,1,4,718881,4460,42,2,"78cb4fd2222d4d6c7ce0a53cf99b4b14","3a7ac3ab38d3261d8c162d52a7f4e644","6bcf6c1f8c373d25fca1579bc4464a91",3
"20102","ded7de5f5252e901151b00938ce580c1",442,6,4,718882,4460,2,0,"78cb4fd2222d4d6c7ce0a53cf99b4b14","8fdab3e3f9022d0fadca93e4cd59cddc","3a7ac3ab38d3261d8c162d52a7f4e644",3
"20103","ded7de5f5252e901151b00938ce580c1",443,3,4,719027,4460,10,1,"78cb4fd2222d4d6c7ce0a53cf99b4b14","3a7ac3ab38d3261d8c162d52a7f4e644","6bcf6c1f8c373d25fca1579bc4464a91",3
"20104","ded7de5f5252e901151b00938ce580c1",445,1,4,719250,4360,93,2,"91ea9fc14670a54b9902eb062b416ccf","417afba21d2c399474c48fa0d4993de2","fe1871734c4c4601acf113acb94da1b7",2
"20105","ded7de5f5252e901151b00938ce580c1",446,2,4,719377,4230,1,3,"78cb4fd2222d4d6c7ce0a53cf99b4b14","3a7ac3ab38d3261d8c162d52a7f4e644","6bcf6c1f8c373d25fca1579bc4464a91",3
"20106","ded7de5f5252e901151b00938ce580c1",447,4,4,719415,4220,0,0,"78cb4fd2222d4d6c7ce0a53cf99b4b14","4479a5c97c18e202d89620f6e0bd4474","6bcf6c1f8c373d25fca1579bc4464a91",3
"20107","ded7de5f5252e901151b00938ce580c1",448,2,4,719621,4080,1,3,"91ea9fc14670a54b9902eb062b416ccf","46f88362b82eee93adfda97ce7caa4ab","6bcf6c1f8c373d25fca1579bc4464a91",2
"20108","ded7de5f5252e901151b00938ce580c1",449,4,4,719632,4080,0,0,"91ea9fc14670a54b9902eb062b416ccf","336ec76a9accfb5359ea7e69f2610947","6bcf6c1f8c373d25fca1579bc4464a91",2
"20109","ded7de5f5252e901151b00938ce580c1",450,6,4,719716,4020,2,0,"78cb4fd2222d4d6c7ce0a53cf99b4b14","fe1871734c4c4601acf113acb94da1b7","bc77b0f38cb51b2cfe8552000e585cbf",3
"20110","ded7de5f5252e901151b00938ce580c1",451,3,4,719841,4020,11,1,"78cb4fd2222d4d6c7ce0a53cf99b4b14","bc77b0f38cb51b2cfe8552000e585cbf","6bcf6c1f8c373d25fca1579bc4464a91",3
"20111","ded7de5f5252e901151b00938ce580c1",453,3,4,719940,4020,12,1,"78cb4fd2222d4d6c7ce0a53cf99b4b14","bc77b0f38cb51b2cfe8552000e585cbf","6bcf6c1f8c373d25fca1579bc4464a91",3
"20112","ded7de5f5252e901151b00938ce580c1",455,1,4,720263,3890,47,2,"91ea9fc14670a54b9902eb062b416ccf","417afba21d2c399474c48fa0d4993de2","6bcf6c1f8c373d25fca1579bc4464a91",2
"20113","ded7de5f5252e901151b00938ce580c1",456,9,4,720345,3850,1,0,"78cb4fd2222d4d6c7ce0a53cf99b4b14","59725ca805f412244b57392c572b463f","6bcf6c1f8c373d25fca1579bc4464a91",3
"20114","ded7de5f5252e901151b00938ce580c1",458,8,4,721628,3850,0,0,"78cb4fd2222d4d6c7ce0a53cf99b4b14","336ec76a9accfb5359ea7e69f2610947","963242c7a25ba9a70b245f482e960e75",3
"20116","ded7de5f5252e901151b00938ce580c1",459,8,4,721628,3850,0,0,"78cb4fd2222d4d6c7ce0a53cf99b4b14","bc77b0f38cb51b2cfe8552000e585cbf","2892cf3e89fc147144ccbd45a194d64a",3
"20118","ded7de5f5252e901151b00938ce580c1",460,8,4,721628,3850,0,0,"78cb4fd2222d4d6c7ce0a53cf99b4b14","050e16220dddff68fc37eca695cee3b4","648cb1de466b2c196fcd360502c34458",3
"20117","ded7de5f5252e901151b00938ce580c1",461,8,4,721628,3850,0,0,"78cb4fd2222d4d6c7ce0a53cf99b4b14","3a7ac3ab38d3261d8c162d52a7f4e644","2faa88bc657b3dbf4aeeb2f3eb7a1e23",3
"20115","ded7de5f5252e901151b00938ce580c1",462,8,4,721628,3850,0,0,"78cb4fd2222d4d6c7ce0a53cf99b4b14","36f020989d86eefe270ab346e6f80e4e","9075d598a348b290d9c426e41662e593",3
"20119","ded7de5f5252e901151b00938ce580c1",463,2,4,721976,3650,1,3,"78cb4fd2222d4d6c7ce0a53cf99b4b14","963242c7a25ba9a70b245f482e960e75","6bcf6c1f8c373d25fca1579bc4464a91",3
"20120","ded7de5f5252e901151b00938ce580c1",464,4,4,722008,3630,0,0,"78cb4fd2222d4d6c7ce0a53cf99b4b14","2faa88bc657b3dbf4aeeb2f3eb7a1e23","6bcf6c1f8c373d25fca1579bc4464a91",3
"20121","ded7de5f5252e901151b00938ce580c1",465,2,4,722053,3580,1,3,"78cb4fd2222d4d6c7ce0a53cf99b4b14","648cb1de466b2c196fcd360502c34458","6bcf6c1f8c373d25fca1579bc4464a91",3
"20122","ded7de5f5252e901151b00938ce580c1",466,4,4,722076,3560,0,0,"78cb4fd2222d4d6c7ce0a53cf99b4b14","417afba21d2c399474c48fa0d4993de2","6bcf6c1f8c373d25fca1579bc4464a91",3
"20123","ded7de5f5252e901151b00938ce580c1",467,2,4,722198,3430,1,3,"91ea9fc14670a54b9902eb062b416ccf","8fdab3e3f9022d0fadca93e4cd59cddc","6bcf6c1f8c373d25fca1579bc4464a91",2
"20124","ded7de5f5252e901151b00938ce580c1",468,4,4,722214,3420,0,0,"91ea9fc14670a54b9902eb062b416ccf","648cb1de466b2c196fcd360502c34458","6bcf6c1f8c373d25fca1579bc4464a91",2
"20125","ded7de5f5252e901151b00938ce580c1",469,2,4,722361,3270,102,2,"78cb4fd2222d4d6c7ce0a53cf99b4b14","2892cf3e89fc147144ccbd45a194d64a","6bcf6c1f8c373d25fca1579bc4464a91",3
"20126","ded7de5f5252e901151b00938ce580c1",470,4,4,722372,3260,0,0,"78cb4fd2222d4d6c7ce0a53cf99b4b14","8fdab3e3f9022d0fadca93e4cd59cddc","6bcf6c1f8c373d25fca1579bc4464a91",3
"20127","ded7de5f5252e901151b00938ce580c1",471,2,4,722539,3090,1,3,"91ea9fc14670a54b9902eb062b416ccf","8fdab3e3f9022d0fadca93e4cd59cddc","6bcf6c1f8c373d25fca1579bc4464a91",2
"20128","ded7de5f5252e901151b00938ce580c1",472,4,4,722555,3080,0,0,"91ea9fc14670a54b9902eb062b416ccf","9075d598a348b290d9c426e41662e593","6bcf6c1f8c373d25fca1579bc4464a91",2
"20129","ded7de5f5252e901151b00938ce580c1",473,2,4,722630,3000,79,3,"78cb4fd2222d4d6c7ce0a53cf99b4b14","9075d598a348b290d9c426e41662e593","6bcf6c1f8c373d25fca1579bc4464a91",3
"20130","ded7de5f5252e901151b00938ce580c1",474,4,4,722647,2990,0,0,"78cb4fd2222d4d6c7ce0a53cf99b4b14","46f88362b82eee93adfda97ce7caa4ab","6bcf6c1f8c373d25fca1579bc4464a91",3
"20131","ded7de5f5252e901151b00938ce580c1",475,1,4,722856,2770,1,3,"91ea9fc14670a54b9902eb062b416ccf","46f88362b82eee93adfda97ce7caa4ab","8fdab3e3f9022d0fadca93e4cd59cddc",2
"20132","ded7de5f5252e901151b00938ce580c1",476,2,4,723009,2620,79,2,"78cb4fd2222d4d6c7ce0a53cf99b4b14","9075d598a348b290d9c426e41662e593","6bcf6c1f8c373d25fca1579bc4464a91",3
"20133","ded7de5f5252e901151b00938ce580c1",477,4,4,723031,2610,0,0,"78cb4fd2222d4d6c7ce0a53cf99b4b14","fe1871734c4c4601acf113acb94da1b7","6bcf6c1f8c373d25fca1579bc4464a91",3
"20134","ded7de5f5252e901151b00938ce580c1",478,6,4,723120,2540,29,0,"91ea9fc14670a54b9902eb062b416ccf","2892cf3e89fc147144ccbd45a194d64a","fe1871734c4c4601acf113acb94da1b7",2
"20135","ded7de5f5252e901151b00938ce580c1",479,3,4,723209,2540,11,1,"91ea9fc14670a54b9902eb062b416ccf","fe1871734c4c4601acf113acb94da1b7","6bcf6c1f8c373d25fca1579bc4464a91",2
"20136","ded7de5f5252e901151b00938ce580c1",481,8,4,723423,2540,0,0,"91ea9fc14670a54b9902eb062b416ccf","7ad27aab65cc1ce38a8720efe685e24f","676ca52cf152e1691e774f02d61f6e35",2
"20137","ded7de5f5252e901151b00938ce580c1",482,8,4,723453,2540,0,0,"91ea9fc14670a54b9902eb062b416ccf","46f88362b82eee93adfda97ce7caa4ab","36b6d1374b888ef311eb59e4b7368f78",2
"20138","ded7de5f5252e901151b00938ce580c1",483,3,4,723482,2540,12,1,"91ea9fc14670a54b9902eb062b416ccf","fe1871734c4c4601acf113acb94da1b7","6bcf6c1f8c373d25fca1579bc4464a91",2
"20139","ded7de5f5252e901151b00938ce580c1",485,1,4,723761,2400,1,2,"78cb4fd2222d4d6c7ce0a53cf99b4b14","963242c7a25ba9a70b245f482e960e75","6bcf6c1f8c373d25fca1579bc4464a91",3
"20140","ded7de5f5252e901151b00938ce580c1",486,2,4,723918,2240,73,2,"91ea9fc14670a54b9902eb062b416ccf","417afba21d2c399474c48fa0d4993de2","6bcf6c1f8c373d25fca1579bc4464a91",2
"20141","ded7de5f5252e901151b00938ce580c1",487,4,4,723931,2230,0,0,"91ea9fc14670a54b9902eb062b416ccf","9075d598a348b290d9c426e41662e593","6bcf6c1f8c373d25fca1579bc4464a91",2
"20142","ded7de5f5252e901151b00938ce580c1",488,6,4,723978,2220,1,0,"78cb4fd2222d4d6c7ce0a53cf99b4b14","417afba21d2c399474c48fa0d4993de2","9075d598a348b290d9c426e41662e593",3
"20143","ded7de5f5252e901151b00938ce580c1",489,8,4,724052,2220,0,0,"78cb4fd2222d4d6c7ce0a53cf99b4b14","fe1871734c4c4601acf113acb94da1b7","de8c14a823090b1f97fbb15ce28fd078",3
"20144","ded7de5f5252e901151b00938ce580c1",490,2,4,724340,2060,42,2,"78cb4fd2222d4d6c7ce0a53cf99b4b14","2faa88bc657b3dbf4aeeb2f3eb7a1e23","6bcf6c1f8c373d25fca1579bc4464a91",3
"20145","ded7de5f5252e901151b00938ce580c1",491,4,4,724351,2060,0,0,"78cb4fd2222d4d6c7ce0a53cf99b4b14","417afba21d2c399474c48fa0d4993de2","6bcf6c1f8c373d25fca1579bc4464a91",3
"20146","ded7de5f5252e901151b00938ce580c1",492,2,4,724520,1880,79,2,"91ea9fc14670a54b9902eb062b416ccf","de8c14a823090b1f97fbb15ce28fd078","6bcf6c1f8c373d25fca1579bc4464a91",2
"20147","ded7de5f5252e901151b00938ce580c1",493,4,4,724535,1880,0,0,"91ea9fc14670a54b9902eb062b416ccf","648cb1de466b2c196fcd360502c34458","6bcf6c1f8c373d25fca1579bc4464a91",2
"20148","ded7de5f5252e901151b00938ce580c1",494,6,4,724639,1810,1,1,"78cb4fd2222d4d6c7ce0a53cf99b4b14","de8c14a823090b1f97fbb15ce28fd078","2892cf3e89fc147144ccbd45a194d64a",3
"20149","ded7de5f5252e901151b00938ce580c1",495,3,4,724720,1810,11,1,"78cb4fd2222d4d6c7ce0a53cf99b4b14","2892cf3e89fc147144ccbd45a194d64a","6bcf6c1f8c373d25fca1579bc4464a91",3
"20150","ded7de5f5252e901151b00938ce580c1",497,3,4,724853,1810,12,1,"78cb4fd2222d4d6c7ce0a53cf99b4b14","2892cf3e89fc147144ccbd45a194d64a","6bcf6c1f8c373d25fca1579bc4464a91",3
"20151","ded7de5f5252e901151b00938ce580c1",499,2,4,725221,1600,1,3,"91ea9fc14670a54b9902eb062b416ccf","8fdab3e3f9022d0fadca93e4cd59cddc","6bcf6c1f8c373d25fca1579bc4464a91",2
"20152","ded7de5f5252e901151b00938ce580c1",500,4,4,725234,1590,0,0,"91ea9fc14670a54b9902eb062b416ccf","2892cf3e89fc147144ccbd45a194d64a","6bcf6c1f8c373d25fca1579bc4464a91",2
"20153","ded7de5f5252e901151b00938ce580c1",501,2,4,725306,1510,79,2,"78cb4fd2222d4d6c7ce0a53cf99b4b14","9075d598a348b290d9c426e41662e593","6bcf6c1f8c373d25fca1579bc4464a91",3
"20154","ded7de5f5252e901151b00938ce580c1",502,4,4,725317,1500,0,0,"78cb4fd2222d4d6c7ce0a53cf99b4b14","8fdab3e3f9022d0fadca93e4cd59cddc","6bcf6c1f8c373d25fca1579bc4464a91",3
"20155","ded7de5f5252e901151b00938ce580c1",503,1,4,725470,1350,1,3,"91ea9fc14670a54b9902eb062b416ccf","8fdab3e3f9022d0fadca93e4cd59cddc","417afba21d2c399474c48fa0d4993de2",2
"20156","ded7de5f5252e901151b00938ce580c1",504,1,4,725662,1170,42,2,"78cb4fd2222d4d6c7ce0a53cf99b4b14","963242c7a25ba9a70b245f482e960e75","648cb1de466b2c196fcd360502c34458",3
"20157","ded7de5f5252e901151b00938ce580c1",505,2,4,725924,920,1,3,"91ea9fc14670a54b9902eb062b416ccf","417afba21d2c399474c48fa0d4993de2","6bcf6c1f8c373d25fca1579bc4464a91",2
"20158","ded7de5f5252e901151b00938ce580c1",506,4,4,725937,920,0,0,"91ea9fc14670a54b9902eb062b416ccf","648cb1de466b2c196fcd360502c34458","6bcf6c1f8c373d25fca1579bc4464a91",2
"20159","ded7de5f5252e901151b00938ce580c1",507,1,4,726074,780,1,3,"78cb4fd2222d4d6c7ce0a53cf99b4b14","9075d598a348b290d9c426e41662e593","2892cf3e89fc147144ccbd45a194d64a",3
"20160","ded7de5f5252e901151b00938ce580c1",508,1,4,726280,630,73,2,"91ea9fc14670a54b9902eb062b416ccf","676ca52cf152e1691e774f02d61f6e35","8fdab3e3f9022d0fadca93e4cd59cddc",2
"20161","ded7de5f5252e901151b00938ce580c1",509,1,4,726459,494,79,3,"78cb4fd2222d4d6c7ce0a53cf99b4b14","2892cf3e89fc147144ccbd45a194d64a","6bcf6c1f8c373d25fca1579bc4464a91",3
"20162","ded7de5f5252e901151b00938ce580c1",510,1,4,726655,326,1,3,"91ea9fc14670a54b9902eb062b416ccf","676ca52cf152e1691e774f02d61f6e35","8fdab3e3f9022d0fadca93e4cd59cddc",2
"20163","ded7de5f5252e901151b00938ce580c1",511,1,4,726938,121,1,3,"78cb4fd2222d4d6c7ce0a53cf99b4b14","2892cf3e89fc147144ccbd45a194d64a","963242c7a25ba9a70b245f482e960e75",3
"20164","ded7de5f5252e901151b00938ce580c1",512,13,4,727128,0,0,0,"91ea9fc14670a54b9902eb062b416ccf","6bcf6c1f8c373d25fca1579bc4464a91","6bcf6c1f8c373d25fca1579bc4464a91",2
