,Player,Twitter
0,Kareem Abdul-Jabbar,kaj33
1,Quincy Acy,QuincyAcy
2,Jaylen Adams,10jadams
3,Jordan Adams,jordanadams1231
4,Steven Adams,RealStevenAdams
5,Bam Adebayo,Bam1of1
6,Jeff Adrien,Adrien4
7,Maurice Ager,moeager
8,Furkan Aldemir,furkanaldemir19
9,Cole Aldrich,colea45
10,LaMarcus Aldridge,aldridge_12
11,Grayson Allen,GraysonJAllen
12,Jarrett Allen,JarrettAllen55
13,Malik Allen,THEleekAllen30
14,Ray Allen,greenRAYn20
15,Tony Allen,aa000G9
16,Morris Almond,FreeMoAlmond
17,John Amaechi,JohnAmaechi
18,Al-Farouq Aminu,farouq1
19,Lou Amundson,LouAmundson17
20,Alan Anderson,ASqared06
21,Justin Anderson,JusAnderson1
22,Kenny Anderson,chibbs_1
23,Kyle Anderson,KyleAnderson5
24,Ike Anigbogu,IkePostrs_
25,Giannis Antetokounmpo,Giannis_An34
26,Kostas Antetokounmpo,Kostas_ante13
27,Carmelo Anthony,carmeloanthony
28,Greg Anthony,GregAnthony50
29,OG Anunoby,OAnunoby
30,Robert Archibald,RobertArchibald
31,Gilbert Arenas,agentzeroshow
32,Trevor Ariza,TrevorAriza
33,Jamel Artis,melartis1
34,Omer Asik,AsikOmer
35,Gustavo Ayon,Gustavo_Ayon15
36,Deandre Ayton,DeandreAyton
37,Kelenna Azubuike,KAzubuike7
38,Dwayne Bacon,BaconDwayne1000
39,Marvin Bagley,MB3FIVE
40,Ron Baker,RonBaker31
41,Wade Baldwin,The_Fourth_Wade
42,Renaldo Balkman,R_Balkman32
43,Lonzo Ball,ZO2_
44,Leandro Barbosa,TheBlurBarbosa
45,J.J. Barea,jjbareapr
46,Andrea Bargnani,AndreaBargnani
47,Harrison Barnes,HBarnes
48,Matt Barnes,Matt_Barnes22
49,Earl Barron,earldee
50,Brent Barry,Barryathree
51,Will Barton,WillTheThrillB5
52,Shane Battier,ShaneBattier
53,Nicolas Batum,nicolas88batum
54,Jerryd Bayless,jerrydbayless
55,Kent Bazemore,24Bazemore
56,Bradley Beal,RealDealBeal23
57,Malik Beasley,Mbeasy5
58,Michael Beasley,easyst0
59,Beau Beech,beaubeech02
60,Marco Belinelli,marcobelinelli
61,Charlie Bell,flintstone14
62,Jordan Bell,1jordanbell
63,Troy Bell,TroyBellS2P
64,Dragan Bender,DBender03
65,Jonathan Bender,jonathanbender9
66,Anthony Bennett,AnthonyBennett
67,Keith Benson,RealKITO
68,Davis Bertans,DBertans_42
69,Patrick Beverley,patbev21
70,Chauncey Billups,1MrBigShot
71,James Blackmon,jblackmon2
72,DeJuan Blair,DeJuan45
73,Steve Blake,SteveBlake5
74,Antonio Blakeney,blakeney96
75,Andray Blatche,drayblatche
76,Eric Bledsoe,EBled2
77,Jaron Blossomgame,JaronBgame
78,Vander Blue,veezy_SQ
79,Bogdan Bogdanovic,LeaderOfHorde
80,Muggsy Bogues,MuggsyBogues
81,Andrew Bogut,andrewbogut
82,Jonah Bolden,Jonahbolden43
83,Matt Bonner,MattBonner_SAS
84,Devin Booker,DevinBook
85,Trevor Booker,35_Fitz
86,Carlos Boozer,MisterCbooz
87,Chris Bosh,chrisbosh
88,Chris Boucher,chrisboucher
89,Bruce Bowen,Bowen12
90,Ryan Bowen,rybo40
91,Craig Brackins,Cbrackins_33
92,Tony Bradley,ToBrad1
93,Taylor Braun,taylorbraun2324
94,Corey Brewer,TheCoreyBrewer
95,Ronnie Brewer,RonnieBrewerJr
96,Primoz Brezec,Primozbrezec
97,Miles Bridges,MilesBridges
98,Amida Brimah,amidabrimah
99,Isaiah Briscoe,ZayBriscoe
100,Jon Brockman,MrJonBrockman
101,Aaron Brooks,Thirty2zero
102,Dillon Brooks,dbrookz8
103,MarShon Brooks,Marshon2
104,Alec Brown,AlecBrown21
105,Anthony Brown,TwoShotOne
106,Bobby Brown,BBROWNLAU
107,Bruce Brown,BruceBrown11
108,Dee Brown,deebrown11
109,Derrick Brown,D_Brown4
110,Jabari Brown,Bari_BrownIDF
111,Jaylen Brown,FCHWPO
112,Markel Brown,iMarkelBrown22
113,Troy Brown,Troy_Brown33
114,Jalen Brunson,jalenbrunson1
115,Kobe Bryant,kobebryant
116,Thomas Bryant,nolimittb31
117,Chase Budinger,CBudinger
118,Reggie Bullock,ReggieBullock35
119,Trey Burke,TreyBurke
120,Alec Burks,AlecBurks10
121,Antonio Burks,antonioburks
122,Caron Butler,realtuffjuice
123,Jimmy Butler,JimmyButler
124,Rasual Butler,RasualButler45
125,Dwight Buycks,BuycksWorld13
126,Bruno Caboclo,Bruno_Caboclo
127,Michael Cage,Exhoopsmc
128,Nick Calathes,Nick_Calathes15
129,Kentavious Caldwell-Pope,CaldwellPope
130,Marcus Camby,MarcusCamby23
131,Isaiah Canaan,SiP03
132,Clint Capela,CapelaClint
133,Derrick Caracter,RebuildCaracter
134,Brian Cardinal,BrianCardinal
135,Antoine Carr,AntoineCarr55
136,DeMarre Carroll,DeMarreCarroll1
137,Vince Carter,mrvincecarter15
138,Wendell Carter,wendellcarter34
139,Michael Carter-Williams,MCW1
140,Omri Casspi,Casspi18
141,Willie Cauley-Stein,THEwillieCS15
142,Troy Caupain,caupain10
143,Tyler Cavanaugh,tycav34
144,Cedric Ceballos,cedceballos
145,Mario Chalmers,mchalmers15
146,Tyson Chandler,tysonchandler
147,Wilson Chandler,wilsonchandler
148,Josh Childress,JChillin
149,Marquese Chriss,quese
150,Dionte Christmas,Dchristmas22
151,Rakeem Christmas,R_Xmas25
152,Semaj Christon,SemajChriston
153,Ian Clark,IanClark
154,Jordan Clarkson,JordanClarksons
155,Gian Clavell,clavelito04
156,Victor Claver,Victor_Claver
157,Speedy Claxton,speeddeamon
158,Mateen Cleaves,Mateen_Cleaves
159,Antonius Cleveland,ac_uno1
160,Derrick Coleman,44TheLegend
161,Jarron Collins,jarronctwin
162,John Collins,jcollins20_
163,Sherron Collins,SHERRONCOLLINS4
164,Zach Collins,zcollins_33
165,Kyle Collinsworth,bigrussia5
166,Darren Collison,Darren_Collison
167,Nick Collison,nickcollison4
168,Mike Conley,mconley11
169,Will Conroy,CHILLCONROY
170,Daequan Cook,DC4Three
171,Charles Cooke,c4_cooke
172,Jack Cooley,JackCooligan45
173,Michael Cooper,ShowtimeCooper
174,DeMarcus Cousins,boogiecousins
175,Robert Covington,Holla_At_Rob33
176,Allen Crabbe,allencrabbe
177,Torrey Craig,TCraig_23
178,Drew Crawford,TheRealDrewski1
179,Jamal Crawford,JCrossover
180,Joe Crawford,JoeCrawford5
181,Jordan Crawford,jcraw55
182,Austin Croshere,AustinCroshere
183,Jae Crowder,CJC9BOSS
184,Dante Cunningham,DlamarC33
185,Jared Cunningham,J1Flight
186,Eddy Curry,Eddy_Curry
187,Seth Curry,sdotcurry
188,Stephen Curry,StephenCurry30
189,Nemanja Dangubic,DangubicNemanja
190,DeAndre Daniels,D_Daniels2
191,Marquis Daniels,Marquis_Daniels
192,Troy Daniels,troydaniels
193,Luigi Datome,GigiDatome
194,Anthony Davis,AntDavis23
195,Baron Davis,BaronDavis
196,Deyonta Davis,deyontadavis23
197,Ed Davis,eddavisXVII
198,Glen Davis,iambigbaby11
199,Andre Dawkins,dre_dawkins
200,Austin Daye,Adaye5
201,Dewayne Dedmon,d_dedmon3
202,Sam Dekker,dekker
203,Vinny Del Negro,VinnyDHoops
204,Malcolm Delaney,foe23
205,Carlos Delfino,cabezadelfino
206,Matthew Dellavedova,matthewdelly
207,Luol Deng,LuolDeng9
208,Marcus Denmon,MizzouMonster12
209,DeMar DeRozan,DeMar_DeRozan
210,Hamidou Diallo,hamidoudiallo
211,Boris Diaw,theborisdiaw
212,Dani Diez de la Faya,danidiez11
213,Spencer Dinwiddie,SDinwiddie_25
214,DeSagana Diop,sagana7
215,Tyler Dorsey,TDORSEY_1
216,Damyean Dotson,staytuned21
217,Zabian Dowdell,zayrd1
218,Milton Doyle,MDLU35
219,PJ Dozier,Dozier_Kid
220,Goran Dragic,Goran_Dragic
221,Andre Drummond,AndreDrummond
222,Jared Dudley,JaredDudley619
223,Kris Dunn,KrisDunn3
224,Ronald Dupree,RDupree12
225,Kevin Durant,KDTrey5
226,Cleanthony Early,Clearly_BallLyf
227,Devin Ebanks,DevinEbanks3
228,Henry Ellenson,HenryEllenson13
229,Wayne Ellington,WayneElli22
230,Joel Embiid,JoelEmbiid
231,Kim English,Englishscope24
232,Tyler Ennis,TylerEnnis
233,Jacob Evans,JacobEvans_1
234,Jawun Evans,j3vans1_
235,Jeremy Evans,JeremyEvans40
236,Reggie Evans,ReggieEvans30
237,Tyreke Evans,TyrekeEvans
238,Patrick Ewing,pewingjr6
239,Dante Exum,daanteee
240,Christian Eyenga,christeyenga31
241,Kenneth Faried,KennethFaried35
242,Derrick Favors,dfavors14
243,Carrick Felix,C_Felix0
244,Raymond Felton,RFeltonGBMS
245,Terrance Ferguson,the2kferguson
246,Rudy Fernandez,rudy5fernandez
247,Yogi Ferrell,YogiFerrell11
248,Landry Fields,landryfields
249,Michael Finley,MichaelFinley
250,Dorian Finney-Smith,doefinney_10
251,Derek Fisher,derekfisher
252,T.J. Ford,tj_ford
253,Evan Fournier,EvanFourmizz
254,De'Aaron Fox,swipathefox
255,Randy Foye,randyfoye
256,Adonal Foyle,afoyle3131
257,Steve Francis,SteveFranchise3
258,Melvin Frazier,melvinjrrr
259,Tim Frazier,Timfraz23
260,Walt Frazier,WaltFrazier
261,Jimmer Fredette,jimmerfredette
262,Channing Frye,Channing_Frye
263,Markelle Fultz,MarkelleF
264,Dan Gadzuric,DGadzuric
265,Danilo Gallinari,gallinari8888
266,Langston Galloway,LangGalloway10
267,Patricio Garino,patitogarino
268,Diante Garrett,kingarrett10
269,Marc Gasol,MarcGasol
270,Pau Gasol,paugasol
271,Rudy Gay,RudyGay8
272,Alonzo Gee,GeeAlonzo
273,Paul George,Yg_Trece
274,Marcus Georges-Hunt,GTMGH3
275,Daniel Gibson,BooBysWorld1
276,Taj Gibson,TajGibson22
277,J.R. Giddens,JGidd4
278,Harry Giles,HGizzle1
279,Shai Gilgeous-Alexander,shaiglalex
280,Kendall Gill,kendallg13
281,Artis Gilmore,ArtisGilmore53
282,Manu Ginobili,manuginobili
283,Rudy Gobert,rudygobert27
284,Ryan Gomes,GotGomes
285,Drew Gooden,DrewGooden
286,Archie Goodwin,A1Laflare10
287,Aaron Gordon,Double0AG
288,Eric Gordon,TheofficialEG10
289,Marcin Gortat,MGortat
290,Devonte' Graham,Devonte4Graham
291,Danny Granger,dgranger33
292,Brian Grant,bwgrant
293,Jerami Grant,JeramiGrant
294,Jerian Grant,JerianGrant
295,Josh Gray,ThatsJoshGray
296,A.C. Green,NBA_Ironman
297,Danny Green,DGreen_14
298,Draymond Green,Money23Green
299,JaMychal Green,Jmyke1
300,Jeff Green,unclejeffgreen
301,Donte Greene,dontegreeneCOS
302,Blake Griffin,blakegriffin32
303,Taylor Griffin,tgriff32
304,Hamed Haddadi,HamedHaddadi15
305,Isaac Hamilton,Isaacham_10
306,Jordan Hamilton,J_Goin_HAM
307,Justin Hamilton,Justin__41
308,Richard Hamilton,ripcityhamilton
309,Ben Hansbrough,bhans23
310,Tyler Hansbrough,THANS50
311,Travis Hansen,travishansen24
312,Anfernee Hardaway,Iam1Cent
313,Tim Hardaway,TimHardawayFDN
314,James Harden,JHarden13
315,Maurice Harkless,moe_harkless
316,Justin Harper,Tru_Harp32
317,Matt Harpring,mharpring15
318,Montrezl Harrell,MONSTATREZZ
319,Josh Harrellson,BigJorts55
320,Al Harrington,cheddahcheese7
321,Elias Harris,EliasJMHarris
322,Gary Harris,thats_G_
323,Joe Harris,
324,Manny Harris,313MannyHarris
325,Mike Harris,TheRealMH33
326,Terrel Harris,T_Harris87
327,Tobias Harris,tobias31
328,Andrew Harrison,DrewRoc5
329,Josh Hart,joshhart
330,Isaiah Hartenstein,Ipjh55
331,Tyler Harvey,YoungTRaaw
332,Udonis Haslem,ThisIsUD
333,Spencer Hawes,spencerhawes00
334,Chuck Hayes,c_hayes44
335,Nigel Hayes,NIGEL_HAYES
336,Gordon Hayward,gordonhayward
337,Spencer Haywood,SpencerHaywood
338,Gerald Henderson,GhJr09
339,Terry Henderson,t_henny3
340,Myke Henry,mykehenry20
341,Juan Hernangomez,juanchohg14
342,Willy Hernangomez,willyhg94
343,Chris Herren,c_herren
344,Kevin Hervey,kherv_25
345,Mario Hezonja,MarioHezonja
346,Buddy Hield,buddyhield
347,Cory Higgins,chiggins11
348,Nene Hilario,NeneHilario42
349,George Hill,George_Hill3
350,Grant Hill,realgranthill33
351,Darington Hobson,ParkaySmooth
352,Julius Hodge,Follow24Hodge
353,Fred Hoiberg,ISUMayor32
354,Aaron Holiday,The_4th_Holiday
355,Jrue Holiday,Jrue_Holiday11
356,Justin Holiday,JustHolla7
357,John Holland,Jholland_23
358,Ryan Hollins,TheRyanHollins
359,Rondae Hollis-Jefferson,RondaeHJ24
360,Richaun Holmes,Rich_Holmes22
361,Tyler Honeycutt,thoneycutt23
362,Al Horford,Al_Horford
363,Dennis Horner,DHorner31
364,Keith Hornsby,KHornsby4
365,Robert Horry,RKHorry
366,Allan Houston,ALLAN_HOUSTON
367,Dwight Howard,DwightHoward
368,Lester Hudson,Lester26Hudson
369,Kevin Huerter,KevinHuerter
370,Josh Huestis,jhuestis
371,Robbie Hummel,RobbieHummel
372,Kris Humphries,KrisHumphries
373,Chandler Hutchison,CmoHutchison
374,Serge Ibaka,sergeibaka_7
375,Andre Iguodala,andre
376,Joe Ingles,Joeingles7
377,Damien Inglis,DamienINGLIS
378,Brandon Ingram,B_Ingram13
379,Kyrie Irving,KyrieIrving
380,Jonathan Isaac,jisaac_01
381,Allen Iverson,alleniverson
382,Royal Ivey,ROYALTIVEY
383,Wesley Iwundu,_Iwundu25
384,Jarrett Jack,Jarrettjack03
385,Bobby Jackson,TheBobbyJackson
386,Darnell Jackson,DBlock_Official
387,Frank Jackson,FWJackson15
388,Jaren Jackson,jarenjacksonjr
389,Josh Jackson,j_josh11
390,Justin Jackson,JJacks_44
391,Mark Jackson,MarkJackson13
392,Reggie Jackson,Reggie_Jackson
393,Stephen Jackson,DaTrillStak5
394,Bernard James,BernardJame5
395,Damion James,KONJames10
396,LeBron James,KingJames
397,Mike James,mikejames7
398,Othyus Jeffers,OthyusTheGreat
399,Amile Jefferson,AmileJefferson
400,Cory Jefferson,CoryJay34
401,John Jenkins,JohnnyCashVU23
402,Jonas Jerebko,JonasJerebko
403,Eugene Jeter,PoohJeter
404,Alize Johnson,AlizeJohnson
405,Amir Johnson,IamAmirJohnson
406,Armon Johnson,AJALLDAY1
407,Dakari Johnson,DakariJohnson
408,Eddie Johnson,Jumpshot8
409,JaJuan Johnson,JaJuanJohnson
410,James Johnson,IamJJ3
411,Joe Johnson,TheJoeJohnson7
412,Kevin Johnson,KJ_MayorJohnson
413,Magic Johnson,MagicJohnson
414,Orlando Johnson,OrlandoVJohnson
415,Reggie Johnson,Regg_42
416,Stanley Johnson,iAmSJ
417,Tyler Johnson,RealTJohnson
418,Darius Johnson-Odom,KingMe_DJ1
419,Peter Jok,Jok_City14
420,Nikola Jokic,NJokic15
421,Dahntay Jones,dahntay1
422,Damian Jones,dameology
423,Damon Jones,d19j
424,Damon Jones,djones19
425,Derrick Jones,TheRea1DJones
426,Matt Jones,matt13jones_
427,Perry Jones,Perry_Jones1
428,Terrence Jones,TerrenceJones1
429,Tyus Jones,1Tyus
430,DeAndre Jordan,DeAndre
431,Cory Joseph,Cory_Joe
432,Kris Joseph,RealKrisJo
433,Chris Kaman,ChrisKaman
434,Frank Kaminsky,FSKPart3
435,Enes Kanter,Enes_Kanter
436,Ilkan Karaman,ilknkrmn
437,Ryan Kelly,RyanKelly34
438,Greg Kelser,gkelser32
439,Luke Kennard,LukeKennard5
440,Steve Kerr,SteveKerr
441,Jason Kidd,RealJasonKidd
442,Michael Kidd-Gilchrist,MKG14
443,Sean Kilpatrick,SeanKilpatrick
444,Kevin Knox,KevKnox
445,Kyle Korver,KyleKorver
446,Kosta Koufos,kostakoufos
447,Arnoldas Kulboka,kulboka98
448,Rodions Kurucs,RODIONS1
449,Kyle Kuzma,kylekuzma
450,Mindaugas Kuzminskas,MKuzminskas
451,Skal Labissiere,OneBigHaitian
452,Cady Lalanne,Lac_25
453,Doron Lamb,DLamb20
454,Joffrey Lauvergne,1JOLOLO
455,Zach LaVine,ZachLaVine
456,Ty Lawson,TyLawson3
457,Jake Layman,JLayman10
458,T.J. Leaf,leafsquad22
459,Ricky Ledo,REALRICKLEDO1
460,Courtney Lee,CourtneyLee2211
461,David Lee,Dlee042
462,Alex Len,alexlen
463,Kawhi Leonard,kawhileonard
464,Meyers Leonard,MeyersLeonard11
465,Travis Leslie,FlightLeslie23
466,Mathias Lessort,ThiasLsf
467,Caris LeVert,CarisLeVert
468,DeAndre Liggins,Dreliggs34
469,Damian Lillard,Dame_Lillard
470,Jeremy Lin,JLin7
471,Sergio Llull,23Llull
472,Kevon Looney,Loon_Rebel5
473,Robin Lopez,rolopez42
474,Kevin Love,kevinlove
475,Kyle Lowry,Klow7
476,John Lucas III,Luke1luk
477,Timothe Luwawu-Cabarrot,timcabs
478,Tyler Lydon,Tyler_Lydon14
479,Trey Lyles,TreyLyles
480,Scott Machado,_ScottMachado
481,Shelvin Mack,ShelvinMack
482,Vernon Macklin,vernon_macklin
483,J.P. Macura,jpmacura
484,Mark Madsen,madsen_mark
485,Corey Maggette,Corey_Maggette
486,Ian Mahinmi,ianmahinmi
487,Dan Majerle,DanMajerle
488,Thon Maker,ThonMaker14
489,Karl Malone,TheDeliverer_32
490,Danny Manning,coachdmanning
491,Devyn Marble,DevMarble
492,Stephon Marbury,StarburyMarbury
493,Shawn Marion,matrix31
494,Lauri Markkanen,MarkkanenLauri
495,Donyell Marshall,Dmarsh42
496,Kendall Marshall,KButter5
497,Cartier Martin,CartierMartin
498,Jarell Martin,MartinJarell
499,Kenyon Martin,KenyonMartinSr
500,Jamal Mashburn,jamalmashburn
501,Frank Mason,FrankMason0
502,Roger Mason,MoneyMase
503,Jordan Mathews,JordanMathews22
504,Mangok Mathiang,M_Mango32
505,Wesley Matthews,WessyWes23
506,Jason Maxiell,JasonMaxiell
507,Vernon Maxwell,vernonmaxwell11
508,Sean May,BigMay42
509,Eric Maynor,EMaynor3
510,Luc Mbah a Moute,mbahamoute
511,James Michael McAdoo,jamesmcadoo
512,Tahjere McCall,215tahj
513,Ray McCallum,RayMac3
514,Patrick McCaw,PMcCaw0
515,CJ McCollum,CJMcCollum
516,T.J. McConnell,TJMcConnell
517,K.J. McDaniels,KJMcDaniels
518,Doug McDermott,dougmcdermott
519,Hank McDowell,Skinnypalmer
520,Mitch McGary,mitchmcgary
521,JaVale McGee,JaValeMcGee34
522,Tracy McGrady,Real_T_Mac
523,Jim McIlvaine,JimMcIlvaine
524,Kevin McKenna,coachkmc3
525,Trey McKinney-Jones,TreyMJ04
526,Ben McLemore,BenMcLemore
527,Jerel McNeal,jerel_mcneal
528,Jordan McRae,JordyMac52
529,Jodie Meeks,Jmeeks20
530,Kennedy Meeks,asapmeeks03
531,Salah Mejri,50Mejri
532,De'Anthony Melton,DeAnthonyMelton
533,Jordan Mickey,Jmickey_02
534,Khris Middleton,Khris22m
535,C.J. Miles,masfresco
536,Mike Miller,MikeMiller_13
537,Quincy Miller,qmillertime
538,Reggie Miller,ReggieMillerTNT
539,Patty Mills,Patty_Mills
540,Paul Millsap,Paulmillsap4
541,Shake Milton,SniperShake
542,Nikola Milutinov,NMilutinov
543,Yao Ming,YaoMing
544,Nikola Mirotic,threekola
545,Donovan Mitchell,spidadmitchell
546,Tony Mitchell,TonyMitchUNENO
547,Tony Mitchell,tmitch_5
548,Naz Mitrou-Long,NazzyJML
549,Nazr Mohammed,NazrMohammed
550,Malik Monk,AhmadMonk
551,Greg Monroe,M10OSE
552,Ben Moore,JaminTheFiend
553,E'Twaun Moore,ETwaun55
554,Yannis Morin,YannisMorin
555,Darius Morris,dariusmorris4
556,Marcus Morris,MookMorris2
557,Markieff Morris,Keefmorris
558,Monte Morris,MonteMorris11
559,Anthony Morrow,MrAnthonyMorrow
560,Donatas Motiejunas,DonatasMot
561,Arnett Moultrie,amoultrie
562,Emmanuel Mudiay,emmanuelmudiay
563,Shabazz Muhammad,ShabazzMuhammad
564,Xavier Munford,xaviermunford
565,Kamari Murphy,21__louie
566,Kevin Murphy,KMurph_55
567,Dejounte Murray,DejounteMurray
568,Jamal Murray,BeMore27
569,Tracy Murray,RealTracyMurray
570,Toure' Murry,toure_murry
571,Dzanan Musa,DzananM13
572,Dikembe Mutombo,officialmutombo
573,Sviatoslav Mykhailiuk,Sviat_10
574,Hamady N'Diaye,H55ndiaye
575,Bostjan Nachbar,BokiNachbar
576,Larry Nance,Larrydn22
577,Shabazz Napier,ShabazzNapier
578,Steve Nash,SteveNash
579,Jameer Nelson,jameernelson
580,Andrew Nicholson,nicholaf44
581,Joakim Noah,JoakimNoah
582,Andres Nocioni,SoyElChapu
583,Nerlens Noel,NerlensNoel3
584,Dirk Nowitzki,swish41
585,Frank Ntilikina,FrankLikina
586,James Nunnally,AllorNunn21
587,Jusuf Nurkic,bosnianbeast27
588,David Nwaba,dnwaba0
589,Patrick O'Bryant,13POB13
590,Jermaine O'Neal,jermaineoneal
591,Shaquille O'Neal,SHAQ
592,Royce O'Neale,BucketsONeale00
593,Kyle O'Quinn,Kyle_OQuinn
594,Charles Oakley,CharlesOakley34
595,Fabricio Oberto,obricio7
596,Lamar Odom,RealLamarOdom
597,Semi Ojeleye,Semi
598,Emeka Okafor,BigMek50
599,Jahlil Okafor,JahlilOkafor
600,E?lie Okobo,ElieOkobo_0
601,Josh Okogie,CallMe_NonStop
602,Mehmet Okur,MehmetOkur13
603,Victor Oladipo,VicOladipo
604,Kelly Olynyk,KellyOlynyk
605,Arinze Onuaku,arinze_onuaku
606,Daniel Orton,danielorton21
607,Cedi Osman,cediosman
608,Kelly Oubre,KELLYOUBREJR
609,Zaza Pachulia,zaza27
610,Georgios Papagiannis,G_P_06
611,Jannero Pargo,jpargo1
612,Anthony Parker,_AnthonyParker
613,Jabari Parker,JabariParker
614,Tony Parker,tonyparker
615,Chandler Parsons,ChandlerParsons
616,Lamar Patterson,LP21_
617,Patrick Patterson,pdpatt
618,Justin Patton,JustinPatton17
619,Chris Paul,CP3
620,Adreian Payne,Adreian_Payne
621,Cameron Payne,campayne
622,Elfrid Payton,elfrid
623,Gary Payton,GaryPayton_20
624,L.J. Peak,ljpeak1
625,Kendrick Perkins,KendrickPerkins
626,London Perrantes,London_Tyus
627,Alec Peters,petersalec
628,Morris Peterson,mopete24
629,Luke Petrasek,Luke_Petrasek
630,Paul Pierce,paulpierce34
631,Mickael Pietrus,MickaelPietrus
632,Scottie Pippen,ScottiePippen
633,Marshall Plumlee,marshallplumlee
634,Miles Plumlee,milesplumlee13
635,Sir'Dominic Pointer,Sirdom1
636,Kendall Pollard,__KP
637,Quincy Pondexter,QuincyPondexter
638,Michael Porter,MPJr
639,Bobby Portis,BPortistime
640,Kristaps Porzingis,kporzee
641,Leon Powe,Leon_Powe
642,Dwight Powell,DwightPowell33
643,Josh Powell,JP21Reasons
644,Norman Powell,npowell2404
645,Phil Pressey,philpressey
646,A.J. Price,realAJPrice
647,Pablo Prigioni,PPrigioni9
648,Laron Profit,Profit4eva
649,Jacob Pullen,Jpullz0
650,Rodney Purvis,Gpurvooo
651,Tim Quarterman,TimQuarterman1
652,Ivan Rabb,YoungIvee
653,Chasson Randle,ChassonRandle
654,Julius Randle,J30_RANDLE
655,Anthony Randolph,TheARandolph
656,Zach Randolph,MacBo50
657,Xavier Rathan-Mayes,xrm_22
658,Theo Ratliff,shotblocker42
659,J.J. Redick,JJRedick
660,Davon Reed,ClutchREED_5
661,Glen Rice,glenrice41
662,Jason Richardson,jrich23
663,Josh Richardson,J_Rich1
664,Malachi Richardson,KingMali23
665,Quentin Richardson,QRich
666,Mitch Richmond,MitchRichmond23
667,Austin Rivers,AustinRivers25
668,Andre Roberson,FlyDre21
669,David Robinson,DavidtheAdmiral
670,Devin Robinson,drobbb3
671,Glenn Robinson,GRIII
672,Nate Robinson,nate_robinson
673,Thomas Robinson,Trobinson0
674,Dennis Rodman,dennisrodman
675,Sergio Rodriguez,SergioRodriguez
676,Rajon Rondo,RajonRondo
677,Derrick Rose,drose
678,Jalen Rose,jalenrose
679,Terrence Ross,T_DotFlight31
680,Terry Rozier,T_Rozzay3
681,Ricky Rubio,rickyrubio9
682,Brandon Rush,BRush_25
683,Kareem Rush,kareemrush
684,Bryon Russell,BRuss3
685,D'Angelo Russell,Dloading
686,Domantas Sabonis,Dsabonis11
687,Robert Sacre,Bobby_Sacre
688,John Salley,thejohnsalley
689,Larry Sanders,l8show_thegoat
690,Dario Saric,dariosaric
691,Tomas Satoransky,satoransky
692,Brian Scalabrine,Scalabrine
693,Detlef Schrempf,Dschrempf
694,Dennis Schroder,DennisMike93
695,Luis Scola,LScola4
696,Dennis Scott,3Deezy
697,Mike Scott,mikescott
698,Thabo Sefolosha,ThaboSefolosha
699,Jeremy Senglin,jsenglin_30
700,Kevin Seraphin,kslife7
701,Collin Sexton,CollinYoungBull
702,Landry Shamet,landryshamet
703,Tornike Shengelia,TokoShengelia23
704,Iman Shumpert,imanshumpert
705,Pascal Siakam,pskills43
706,Garret Siler,Big_G_21
707,Ben Simmons,BenSimmons25
708,Bobby Simmons,bobbysimmons21
709,Jonathon Simmons,ThaRealJsimms
710,Anfernee Simons,AnferneeSimons
711,Henry Sims,H_Sims14
712,Kyle Singler,KyleSingler
713,Sean Singletary,SeanSingletary
714,Chris Singleton,C_SING31
715,Peyton Siva,PeypeySiva3
716,Tamar Slay,slay9
717,Donald Sloan,dsloan15
718,Marcus Smart,smart_MS3
719,Craig Smith,Csmeezy1
720,Dennis Smith,Dennis1SmithJr
721,Greg Smith,Ju_Smith4
722,Ish Smith,ishsmith
723,J.R. Smith,TheRealJRSmith
724,Jason Smith,JasonSmith014
725,Jerry Smith,JSmith_8
726,Joe Smith,JoeBeast95
727,Kenny Smith,TheJetOnTNT
728,Nolan Smith,NdotSmitty
729,Sam Smith,SamSmithHoops
730,Steve Smith,steve21smith
731,Tony Smith,AnalystTSmith34
732,Zhaire Smith,zhaire_smith
733,Marreese Speights,Mospeights16
734,Tiago Splitter,tiagosplitter
735,Larry Spriggs,spriggy35
736,Jerry Stackhouse,jerrystackhouse
737,Terence Stansbury,360StatueofLibe
738,John Starks,StarksTheDunk
739,Nik Stauskas,NStauskas11
740,Lance Stephenson,StephensonLance
741,Greg Stiemsma,gregstiemsma
742,David Stockton,dstockton32
743,Jarnell Stokes,JarnellStokes
744,Amar'e Stoudemire,Amareisreal
745,Jared Sullinger,Jared_Sully0
746,Edmond Sumner,EdmondSumner
747,Caleb Swanigan,calebswanigan50
748,Wally Szczerbiak,wallyball
749,Chris Taft,BlessedTaft
750,Jayson Tatum,jaytatum0
751,Edy Tavares,waltertavares22
752,Jermaine Taylor,jtaylor8ball
753,Tyshawn Taylor,tyshawntaylor
754,Jeff Teague,Teague0
755,Marquis Teague,marquisteague25
756,Sebastian Telfair,BassyS31T
757,Garrett Temple,GTemp14
758,Jason Terry,jasonterry31
759,Hasheem Thabeet,HasheemTheDream
760,Xavier Thames,Xthames2
761,Daniel Theis,dtheis10
762,Adonis Thomas,AllDayThomas
763,Isaiah Thomas,Isaiah_Thomas
764,Isiah Thomas,iamisiahthomas
765,Jason Thompson,jtthekid
766,Klay Thompson,KlayThompson
767,Mychel Thompson,MychelThompson
768,Tristan Thompson,RealTristan13
769,Al Thornton,AThornton14
770,Marcus Thornton,OfficialMT23
771,Marcus Thornton,M3Thornton
772,Sindarius Thornwell,Sin_City_803
773,Jamaal Tinsley,jatinsley
774,Mike Tobey,miketobey10
775,J.P. Tokoto,AirPierreTokoto
776,Anthony Tolliver,ATolliver44
777,Karl-Anthony Towns,KarlTowns
778,Melo Trimble,_STAYMELO
779,Alando Tucker,DoeTuck
780,Hedo Turkoglu,hidoturkoglu15
781,Evan Turner,thekidet
782,Myles Turner,Original_Turner
783,Jeremy Tyler,jeremytyler3
784,Ekpe Udoh,EkpeUdoh
785,Beno Udrih,BenoUdrih1
786,Jarrod Uthoff,Mr_Uthoff
787,Jonas Valanciunas,JValanciunas
788,Denzel Valentine,denzelvalentine
789,Jarred Vanderbilt,JVando
790,Fred VanVleet,FredVanVleet
791,Anderson Varejao,VAREJAOANDERSON
792,Jarvis Varnado,RealSwat32
793,Greivis Vasquez,greivisvasquez
794,Rashad Vaughn,ShowtimeMr1
795,Jan Vesely,JanVesely24
796,Noah Vonleh,NoahVonleh
797,Nikola Vucevic,NikolaVucevic
798,Sasha Vujacic,SashaVujacic
799,Dwyane Wade,DwyaneWade
800,Von Wafer,vonwafer13
801,Moritz Wagner,moritz_weasley
802,Dion Waiters,dionwaiters3
803,Antoine Walker,WalkerAntoine8
804,Kemba Walker,KembaWalker
805,Lonnie Walker,lonniewalker_4
806,Thomas Walkup,twalkup23
807,John Wall,JohnWall
808,Taurean Waller-Prince,taureanprince
809,Bill Walton,BillWalton
810,Derrick Walton,DerrickWalton10
811,Brad Wanamaker,phillybul_22
812,Jameel Warney,Fullcoursemeelz
813,T.J. Warren,tonywarrenjr
814,Hakim Warrick,hdubb21
815,C.J. Watson,quietstorm_32
816,Earl Watson,Earl_Watson
817,Maalik Wayns,MaalikWayns2
818,Travis Wear,traviswear
819,Kyle Weaver,kyleweaver5
820,Chris Webber,realchriswebber
821,Briante Weber,Sir_deuce2
822,Martell Webster,MartellWebster
823,Sonny Weems,Sonny13
824,Bonzi Wells,BonziWells
825,Thomas Welsh,tomwelsh40
826,Bill Wennington,34billy42
827,David West,D_West30
828,Delonte West,delontewest
829,Russell Westbrook,russwest44
830,Aaron White,Aaron_White30
831,Andrew White,AndrewWhite03
832,D.J. White,dj_white3
833,Derrick White,Dwhite921
834,Royce White,Highway_30
835,Hassan Whiteside,youngwhiteside
836,Andrew Wiggins,22wiggins
837,C.J. Wilcox,UCjwilcox23W
838,Jacob Wiley,Jwiley_24
839,Damien Wilkins,dwilkins3000
840,Dominique Wilkins,DWilkins21
841,Alan Williams,alantwilliams
842,Deron Williams,DeronWilliams
843,Elliot Williams,ewill901
844,JaCorey Williams,Bball_Fanatic_
845,Jay Williams,RealJayWilliams
846,Jerome Williams,JunkYardDogJW
847,Jordan Williams,Jwilliams20
848,Lou Williams,TeamLou23
849,Matt Williams,1mattwill2
850,Mo Williams,mowilliams
851,Reggie Williams,reggiew55
852,Shelden Williams,SheldenWilliams
853,T.J. Williams,gogettatjwill
854,Terrence Williams,TheRealTWill
855,Troy Williams,troywilliams_
856,Nigel Williams-Goss,NigelWG5
857,Derek Willis,derek_willis33
858,D.J. Wilson,Lanky_Smoove
859,Kyle Wiltjer,kwiltj
860,Justise Winslow,IAmJustise
861,Jeff Withey,JeffWithey
862,Nate Wolters,NateWolters
863,Metta World Peace,MettaWorldPeace
864,Brandan Wright,bwright34
865,Delon Wright,delonwright
866,Dorell Wright,DWRIGHTWAY1
867,Tony Wroten,TWroten_LOE
868,James Young,realjamesyoung
869,Nick Young,NickSwagyPYoung
870,Sam Young,SamYoung4
871,Thaddeus Young,yungsmoove21
872,Trae Young,TheTraeYoung
873,Cody Zeller,CodyZeller
874,Luke Zeller,LukeZeller40
875,Tyler Zeller,ZellerTyler
876,Ivica Zubac,ivicazubac
